Time,"6"" Moisture","12"" Moisture","24"" Moisture"
2019-07-11T12:59:46.000-05:00,-49.46,-44.17,-24.77
2019-07-11T15:18:25.000-05:00,-51.83,-46.23,-25.49
2019-07-11T17:18:56.000-05:00,-51.16,-45.62,-24.65
2019-07-11T19:31:50.000-05:00,-51.11,-45.2,-24.09
2019-07-11T21:44:26.000-05:00,-52.26,-45.13,-23.63
2019-07-11T23:56:42.000-05:00,-53.06,-45.27,-23.37
2019-07-12T02:09:20.000-05:00,-54.4,-45.73,-23.33
2019-07-12T04:21:30.000-05:00,-55.39,-45.87,-23.15
2019-07-12T06:33:41.000-05:00,-56.81,-46.57,-23.15
2019-07-12T08:45:49.000-05:00,-58.68,-47.76,-23.45
2019-07-12T10:58:06.000-05:00,-61.85,-50.74,-24.54
2019-07-12T12:53:59.000-05:00,-64.53,-54.01,-25.63
2019-07-12T14:40:31.000-05:00,-65.42,-54.82,-25.89
2019-07-12T16:41:10.000-05:00,-65.37,-54.75,-25.28
2019-07-12T18:54:14.000-05:00,-65.02,-54.65,-24.7
2019-07-12T21:06:55.000-05:00,-65.1,-54.46,-24.31
2019-07-12T23:19:22.000-05:00,-64.78,-54.17,-23.8
2019-07-13T01:20:26.000-05:00,-65.37,-54.17,-23.58
2019-07-13T03:44:57.000-05:00,-66.45,-54.32,-23.43
2019-07-13T05:57:08.000-05:00,-67.15,-54.61,-23.24
2019-07-13T05:57:08.000-05:00,-67.15,-54.61,-23.24
2019-07-13T08:09:16.000-05:00,-69.05,-55.62,-23.58
2019-07-13T10:21:52.000-05:00,-71.86,-57.83,-24.31
2019-07-13T11:17:21.000-05:00,-73.57,-59.43,-24.96
2019-07-13T11:28:28.000-05:00,-74.06,-59.82,-25.17
2019-07-13T11:55:59.000-05:00,-74.45,-60.39,-25.33
2019-07-13T13:39:32.000-05:00,-76.5,-62.84,-26.34
2019-07-13T13:39:33.000-05:00,-76.4,-62.76,-26.3
2019-07-13T15:40:50.000-05:00,-12.24,-11.47,-8.16
2019-07-13T17:41:55.000-05:00,-12.27,-10.8,-12.41
2019-07-13T20:07:00.000-05:00,-12.25,-9.32,-16.07
2019-07-13T22:19:22.000-05:00,-12.28,-9.11,-8.39
2019-07-14T00:31:31.000-05:00,-12.4,-8.37,-6.61
2019-07-14T02:43:38.000-05:00,-12.36,-8.13,-6.55
2019-07-14T04:55:45.000-05:00,-12.35,-7.93,-6.7
2019-07-14T06:55:47.000-05:00,-12.35,-7.93,-5.67
2019-07-14T08:56:02.000-05:00,-12.53,-7.95,-5.5
2019-07-14T11:32:23.000-05:00,-13.09,-8.67,-6.13
2019-07-14T13:44:48.000-05:00,-13.2,-8.62,-6.43
2019-07-14T15:45:00.000-05:00,-12.95,-8.48,-6.14
2019-07-14T17:46:05.000-05:00,-12.9,-8.34,-6.19
2019-07-14T20:24:00.000-05:00,-11.92,-11.08,-16.66
2019-07-14T22:36:05.000-05:00,-11.8,-7.29,-18.25
2019-07-15T00:48:05.000-05:00,-11.86,-7.01,-13.76
2019-07-15T03:00:05.000-05:00,-11.82,-6.61,-12.79
2019-07-15T05:12:02.000-05:00,-11.81,-6.58,-12.03
2019-07-15T07:24:00.000-05:00,-11.82,-6.44,-11.82
2019-07-15T09:35:59.000-05:00,-12.16,-6.88,-11.75
2019-07-15T11:48:24.000-05:00,-12.34,-6.89,-11.65
2019-07-15T14:00:42.000-05:00,-12.11,-6.7,-11.3
2019-07-15T16:12:37.000-05:00,-12.26,-6.74,-11.22
2019-07-15T18:12:39.000-05:00,-12.25,-6.79,-11.08
2019-07-15T20:37:32.000-05:00,-12.1,-6.41,-10.82
2019-07-15T22:49:44.000-05:00,-11.98,-6.4,-9.37
2019-07-16T01:01:48.000-05:00,-11.95,-6.12,-8.72
2019-07-16T03:13:50.000-05:00,-12,-6.07,-8.31
2019-07-16T05:25:53.000-05:00,-12.05,-6.07,-7.96
2019-07-16T07:37:57.000-05:00,-12.16,-6.22,-7.78
2019-07-16T09:50:05.000-05:00,-12.52,-6.59,-7.82
2019-07-16T12:02:24.000-05:00,-12.95,-7.21,-7.93
2019-07-16T12:43:41.000-05:00,-13.13,-7.44,-8.17
2019-07-16T14:44:24.000-05:00,-13.38,-7.81,-7.99
2019-07-16T16:57:12.000-05:00,-13.19,-7.8,-7.44
2019-07-16T19:09:54.000-05:00,-12.25,-6.44,-6.79
2019-07-16T21:22:06.000-05:00,-12.12,-6.09,-6.43
2019-07-16T23:34:13.000-05:00,-12.08,-5.96,-6.13
2019-07-17T01:46:18.000-05:00,-12.1,-5.93,-5.93
2019-07-17T03:58:22.000-05:00,-12.03,-5.83,-5.66
2019-07-17T06:10:26.000-05:00,-11.9,-5.78,-6.8
2019-07-17T08:22:30.000-05:00,-11.66,-5.58,-5.58
2019-07-17T10:34:58.000-05:00,-11.6,-5.56,-5.22
2019-07-17T12:36:02.000-05:00,-12.06,-11.79,-14.92
2019-07-17T15:00:13.000-05:00,-13.42,-12.12,-17.83
2019-07-17T17:12:31.000-05:00,-12.63,-11.19,-17.47
2019-07-17T19:25:06.000-05:00,-12.48,-8.91,-16.27
2019-07-17T21:37:34.000-05:00,-12.33,-9.41,-15.5
2019-07-17T23:49:51.000-05:00,-12.25,-8.93,-14.97
2019-07-18T02:02:04.000-05:00,-11.95,-6.94,-12.69
2019-07-18T04:14:07.000-05:00,-11.92,-7.87,-12.81
2019-07-18T06:26:09.000-05:00,-11.84,-9.22,-13.69
2019-07-18T08:26:36.000-05:00,-11.87,-9.34,-14.34
2019-07-18T10:51:09.000-05:00,-12.15,-11.07,-15.4
2019-07-18T13:03:25.000-05:00,-12.55,-11.61,-16.6
2019-07-18T15:16:05.000-05:00,-12.72,-11.9,-17.45
2019-07-18T17:16:07.000-05:00,-12.83,-11.6,-17.46
2019-07-18T19:41:42.000-05:00,-12.3,-9.59,-16.33
2019-07-18T21:41:44.000-05:00,-11.93,-11.12,-16.42
2019-07-19T00:06:11.000-05:00,-11.9,-11.19,-16.73
2019-07-19T02:18:18.000-05:00,-11.83,-11.16,-16.86
2019-07-19T04:30:23.000-05:00,-11.83,-10.99,-16.79
2019-07-19T06:42:27.000-05:00,-12.04,-11.02,-16.77
2019-07-19T08:54:54.000-05:00,-12.09,-10.97,-16.67
2019-07-19T11:07:06.000-05:00,-12.31,-9.86,-16.47
2019-07-19T13:07:44.000-05:00,-12.68,-12.2,-18.21
2019-07-19T13:07:49.000-05:00,-12.73,-12.24,-18.27
2019-07-19T13:07:58.000-05:00,-12.68,-12.2,-18.27
2019-07-19T13:08:01.000-05:00,-12.73,-12.2,-18.21
2019-07-19T13:08:03.000-05:00,-12.73,-12.24,-18.27
2019-07-19T13:08:05.000-05:00,-12.73,-12.2,-18.27
2019-07-19T14:19:09.000-05:00,-12.93,-12.68,-18.25
2019-07-19T14:19:11.000-05:00,-12.93,-12.64,-18.25
2019-07-19T14:19:16.000-05:00,-12.93,-12.68,-18.25
2019-07-19T16:37:11.000-05:00,-12.87,-10.5,-16.73
2019-07-19T18:37:54.000-05:00,-12.71,-8.95,-15.54
2019-07-19T20:37:57.000-05:00,-12.36,-7.8,-16.89
2019-07-19T23:03:12.000-05:00,-12.04,-6.95,-18.87
2019-07-20T01:15:23.000-05:00,-11.94,-6.56,-18.9
2019-07-20T03:27:28.000-05:00,-11.88,-6.23,-18.92
2019-07-20T05:39:29.000-05:00,-11.81,-6.08,-18.87
2019-07-20T07:51:30.000-05:00,-11.95,-6.38,-19.09
2019-07-20T10:03:31.000-05:00,-12.33,-6.85,-19.84
2019-07-20T13:15:56.000-05:00,-13.02,-7.67,-21.18
2019-07-20T13:15:58.000-05:00,-13.02,-7.67,-21.25
2019-07-20T13:16:00.000-05:00,-13.02,-7.67,-21.25
2019-07-20T13:16:02.000-05:00,-13.02,-7.67,-21.25
2019-07-20T13:16:04.000-05:00,-13.02,-7.67,-21.25
2019-07-20T13:23:38.000-05:00,-13.04,-7.88,-21.29
2019-07-20T13:23:41.000-05:00,-13.04,-7.88,-21.29
2019-07-20T13:37:45.000-05:00,-13.13,-7.93,-21.36
2019-07-20T14:55:41.000-05:00,-13.25,-7.82,-21.54
2019-07-20T14:55:44.000-05:00,-13.25,-7.82,-21.54
2019-07-20T14:55:46.000-05:00,-13.25,-7.82,-21.54
2019-07-20T14:55:49.000-05:00,-13.25,-7.82,-21.54
2019-07-20T14:55:51.000-05:00,-13.25,-8.01,-21.54
2019-07-20T14:56:00.000-05:00,-13.25,-7.82,-21.54
2019-07-20T14:57:38.000-05:00,-13.25,-7.82,-21.54
2019-07-20T14:57:40.000-05:00,-13.25,-8.01,-21.54
2019-07-20T14:57:45.000-05:00,-13.25,-8.01,-21.54
2019-07-20T14:57:48.000-05:00,-13.25,-8.01,-21.54
2019-07-20T14:57:51.000-05:00,-13.25,-8.01,-21.54
2019-07-20T14:57:53.000-05:00,-13.25,-8.01,-21.54
2019-07-20T14:58:02.000-05:00,-13.25,-8.01,-21.61
2019-07-20T14:59:22.000-05:00,-13.25,-8.01,-21.54
2019-07-20T14:59:25.000-05:00,-13.25,-8.01,-21.54
2019-07-20T14:59:27.000-05:00,-13.25,-8.01,-21.54
2019-07-20T14:59:30.000-05:00,-13.25,-8.01,-21.54
2019-07-20T14:59:32.000-05:00,-13.25,-8.01,-21.54
2019-07-20T14:59:35.000-05:00,-13.25,-8.01,-21.54
2019-07-20T15:09:36.000-05:00,-13.25,-8.01,-21.54
2019-07-20T15:09:51.000-05:00,-13.25,-8.01,-21.54
2019-07-20T15:09:53.000-05:00,-13.25,-8.01,-21.54
2019-07-20T15:09:56.000-05:00,-13.25,-8.01,-21.61
2019-07-20T15:09:58.000-05:00,-13.25,-8.01,-21.54
2019-07-20T15:10:01.000-05:00,-13.25,-8.01,-21.61
2019-07-21T12:49:18.000-05:00,-13.4,-8.25,-13.25
2019-07-21T12:49:23.000-05:00,-13.4,-8.07,-13.25
2019-07-21T12:49:25.000-05:00,-13.4,-8.07,-13.25
2019-07-21T12:49:28.000-05:00,-13.4,-8.07,-13.25
2019-07-21T12:49:34.000-05:00,-13.4,-8.07,-13.25
2019-07-21T12:49:43.000-05:00,-13.4,-8.07,-13.25
2019-07-21T12:50:02.000-05:00,-13.4,-8.07,-13.25
2019-07-21T12:51:26.000-05:00,-13.42,-8.1,-13.27
2019-07-21T12:51:32.000-05:00,-13.42,-8.1,-13.27
2019-07-21T12:51:42.000-05:00,-13.42,-8.1,-13.27
2019-07-21T12:51:44.000-05:00,-13.42,-8.1,-13.27
2019-07-21T12:51:46.000-05:00,-13.42,-8.1,-13.27
2019-07-21T12:51:48.000-05:00,-13.42,-8.1,-13.27
2019-07-21T12:55:06.000-05:00,-13.42,-8.1,-13.22
2019-07-21T12:55:08.000-05:00,-13.42,-8.1,-13.22
2019-07-21T12:55:10.000-05:00,-13.42,-8.1,-13.22
2019-07-21T12:55:12.000-05:00,-13.42,-8.1,-13.22
2019-07-21T12:55:14.000-05:00,-13.42,-8.1,-13.22
2019-07-21T12:55:16.000-05:00,-13.42,-8.1,-13.27
2019-07-21T12:59:23.000-05:00,-13.44,-8.12,-13.24
2019-07-21T12:59:25.000-05:00,-13.44,-8.12,-13.24
2019-07-21T12:59:27.000-05:00,-13.44,-8.12,-13.24
2019-07-21T12:59:29.000-05:00,-13.44,-8.12,-13.24
2019-07-21T12:59:31.000-05:00,-13.44,-8.12,-13.24
2019-07-21T12:59:33.000-05:00,-13.44,-8.12,-13.24
2019-07-21T13:03:03.000-05:00,-13.46,-8.52,-13.26
2019-07-21T13:03:05.000-05:00,-13.46,-8.33,-13.26
2019-07-21T13:03:07.000-05:00,-13.46,-8.33,-13.26
2019-07-21T13:03:09.000-05:00,-13.46,-8.33,-13.26
2019-07-21T13:03:11.000-05:00,-13.46,-8.33,-13.26
2019-07-21T13:03:13.000-05:00,-13.51,-8.33,-13.26
2019-07-21T13:05:45.000-05:00,-13.46,-8.52,-13.21
2019-07-21T13:05:50.000-05:00,-13.46,-8.52,-13.21
2019-07-21T13:05:52.000-05:00,-13.46,-8.52,-13.26
2019-07-21T13:05:54.000-05:00,-13.46,-8.52,-13.21
2019-07-21T13:05:56.000-05:00,-13.46,-8.52,-13.21
2019-07-21T13:05:58.000-05:00,-13.46,-8.52,-13.26
2019-07-21T15:51:24.000-05:00,-13.45,-8.81,-12.75
2019-07-21T17:52:02.000-05:00,-12.93,-8.23,-12.44
2019-07-21T20:04:22.000-05:00,-12.83,-8.22,-12.02
2019-07-21T22:17:06.000-05:00,-12.59,-7.77,-11.56
2019-07-22T00:17:08.000-05:00,-12.43,-7.37,-11.25
2019-07-22T02:41:20.000-05:00,-12.45,-7.44,-11
2019-07-22T04:53:24.000-05:00,-12.36,-7.31,-9.62
2019-07-22T07:05:26.000-05:00,-12.38,-7.45,-9.05
2019-07-22T09:17:29.000-05:00,-12.59,-7.76,-9.02
2019-07-22T11:29:38.000-05:00,-12.92,-8.5,-8.87
2019-07-22T13:42:05.000-05:00,-13.36,-8.89,-9.08
2019-07-22T15:54:40.000-05:00,-13.52,-9.35,-8.6
2019-07-22T18:07:19.000-05:00,-13.39,-8.86,-8.12
2019-07-22T20:19:48.000-05:00,-12.74,-8.11,-7.22
2019-07-22T22:32:19.000-05:00,-12.48,-7.59,-6.89
2019-07-23T00:44:22.000-05:00,-12.47,-7.69,-6.63
2019-07-23T02:56:24.000-05:00,-12.44,-7.4,-6.36
2019-07-23T05:08:25.000-05:00,-12.25,-7.29,-5.92
2019-07-23T07:20:24.000-05:00,-12.14,-7.12,-5.6
2019-07-23T09:32:16.000-05:00,-12.3,-7.47,-5.58
2019-07-23T11:44:16.000-05:00,-12.56,-8.07,-5.64
2019-07-23T11:44:16.000-05:00,-12.56,-8.07,-5.64
2019-07-23T13:56:27.000-05:00,-12.85,-8.72,-5.89
2019-07-23T16:08:48.000-05:00,-13.07,-9.23,-5.52
2019-07-23T20:26:38.746-05:00,-13.19,-9.32,-5.3
2019-07-23T22:27:04.290-05:00,-13.46,-10.56,-4.81
2019-07-24T00:27:28.997-05:00,-13.95,-10.44,-4.4
2019-07-24T02:27:58.052-05:00,-14.27,-10.34,-4.18
2019-07-24T04:28:27.328-05:00,-14.61,-10.34,-3.82
2019-07-24T06:28:55.867-05:00,-14.88,-10.25,-3.6
2019-07-24T08:29:24.450-05:00,-15.42,-10.44,-3.72
2019-07-24T10:29:49.334-05:00,-16.24,-10.89,-4.17
2019-07-24T12:30:19.295-05:00,-17.42,-11.47,-4.39
2019-07-24T14:30:43.059-05:00,-18.98,-12.56,-5.08
2019-07-24T18:31:41.578-05:00,-20.2,-13.49,-4.86
2019-07-24T20:32:11.300-05:00,-21.15,-14.34,-4.34
2019-07-24T22:32:40.945-05:00,-21.56,-14.66,-4.17
2019-07-25T00:33:08.815-05:00,-21.57,-14.79,-3.7
2019-07-25T02:33:35.441-05:00,-21.6,-14.87,-3.51
2019-07-25T04:34:02.897-05:00,-21.66,-14.93,-3.65
2019-07-25T06:34:33.125-05:00,-21.83,-15.01,-3.5
2019-07-25T08:34:59.173-05:00,-22.19,-15.31,-3.6
2019-07-25T10:35:29.006-05:00,-23.31,-16.19,-4.17
2019-07-25T12:35:58.269-05:00,-24.5,-17.37,-4.84
2019-07-25T14:36:24.828-05:00,-25.23,-18.01,-5.25
2019-07-25T16:36:53.071-05:00,-26.23,-18.99,-5.37
2019-07-25T18:37:20.956-05:00,-27.06,-19.67,-5.15
2019-07-25T20:37:48.970-05:00,-27.52,-19.94,-4.89
2019-07-25T22:38:18.350-05:00,-27.49,-19.73,-5
2019-07-26T00:23:46.793-05:00,-27.49,-19.73,-5
2019-07-26T00:23:47.546-05:00,-27.67,-19.66,-4.77
2019-07-26T02:39:13.549-05:00,-27.57,-19.52,-4.7
2019-07-26T06:40:08.645-05:00,-27.51,-19.42,-4.65
2019-07-26T08:40:38.006-05:00,-27.66,-19.39,-4.57
2019-07-26T10:41:07.306-05:00,-28.84,-20.06,-5.26
2019-07-26T12:41:02.292-05:00,-30.01,-21.29,-6.03
2019-07-26T12:41:03.502-05:00,-30.87,-22.11,-6.49
2019-07-26T12:41:03.505-05:00,-30.92,-22.15,-6.51
2019-07-26T13:36:02.966-05:00,-31.23,-22.44,-6.62
2019-07-26T13:36:03.412-05:00,-31.54,-22.82,-6.72
2019-07-26T13:36:03.413-05:00,-31.54,-22.82,-6.9
2019-07-26T13:36:03.414-05:00,-31.54,-22.82,-6.72
2019-07-26T13:36:03.876-05:00,-31.54,-22.82,-6.72
2019-07-26T13:36:04.166-05:00,-31.54,-22.82,-6.9
2019-07-26T13:42:18.260-05:00,-31.59,-22.85,-6.75
2019-07-26T13:42:18.745-05:00,-31.54,-22.82,-6.72
2019-07-26T13:42:18.749-05:00,-31.59,-22.85,-6.75
2019-07-26T13:42:19.287-05:00,-31.54,-22.82,-6.72
2019-07-26T13:42:19.291-05:00,-31.54,-22.82,-6.72
2019-07-26T13:42:19.295-05:00,-31.59,-22.85,-6.75
2019-07-26T13:43:59.268-05:00,-31.59,-22.93,-6.92
2019-07-26T13:43:59.714-05:00,-31.59,-22.93,-6.75
2019-07-26T13:43:59.716-05:00,-31.76,-22.97,-6.95
2019-07-26T13:44:00.192-05:00,-31.59,-22.93,-6.92
2019-07-26T13:44:00.194-05:00,-31.59,-22.93,-6.92
2019-07-26T13:44:00.488-05:00,-31.7,-22.93,-6.92
2019-07-26T13:54:03.722-05:00,-31.64,-22.89,-6.95
2019-07-26T13:54:04.205-05:00,-31.76,-22.89,-6.95
2019-07-26T13:54:04.208-05:00,-31.64,-22.97,-6.95
2019-07-26T13:54:04.749-05:00,-31.76,-22.97,-6.95
2019-07-26T13:54:04.751-05:00,-31.64,-22.89,-6.95
2019-07-26T13:54:04.754-05:00,-31.76,-22.97,-6.95
2019-07-26T13:57:26.778-05:00,-31.81,-23.01,-6.97
2019-07-26T13:57:27.181-05:00,-31.81,-23.01,-6.97
2019-07-26T13:57:27.639-05:00,-31.81,-23.01,-6.97
2019-07-26T13:57:27.646-05:00,-31.81,-23.01,-6.97
2019-07-26T13:57:27.648-05:00,-31.81,-23.01,-6.97
2019-07-26T13:57:28.002-05:00,-31.81,-23.01,-6.97
2019-07-26T16:20:53.304-05:00,-32.43,-23.77,-7.13
2019-07-26T18:43:36.048-05:00,-33.08,-24.32,-6.99
2019-07-26T20:44:07.698-05:00,-33.21,-24.24,-6.77
2019-07-27T00:44:57.710-05:00,-33.28,-24.04,-6.39
2019-07-27T02:45:28.511-05:00,-33.34,-23.75,-6.28
2019-07-27T04:45:54.265-05:00,-33.44,-23.58,-6.25
2019-07-27T06:46:18.781-05:00,-33.82,-23.58,-6.52
2019-07-27T08:46:50.526-05:00,-34.41,-23.74,-6.75
2019-07-27T10:47:17.462-05:00,-35.84,-24.69,-7.7
2019-07-27T12:01:15.176-05:00,-37.42,-26.19,-8.51
2019-07-27T12:01:15.632-05:00,-37.42,-26.19,-8.51
2019-07-27T12:01:15.639-05:00,-37.48,-26.23,-8.54
2019-07-27T12:01:15.642-05:00,-37.48,-26.23,-8.72
2019-07-27T12:01:15.933-05:00,-37.48,-26.32,-8.72
2019-07-27T12:01:15.934-05:00,-37.48,-26.32,-8.72
2019-07-27T12:05:42.722-05:00,-37.48,-26.32,-8.72
2019-07-27T12:05:43.208-05:00,-37.48,-26.32,-8.72
2019-07-27T12:05:43.210-05:00,-37.48,-26.32,-8.72
2019-07-27T12:05:43.749-05:00,-37.48,-26.32,-8.72
2019-07-27T12:05:43.752-05:00,-37.48,-26.32,-8.72
2019-07-27T12:05:43.754-05:00,-37.48,-26.32,-8.72
2019-07-27T12:12:06.732-05:00,-37.54,-26.36,-8.75
2019-07-27T12:12:07.215-05:00,-37.54,-26.36,-8.75
2019-07-27T12:12:07.218-05:00,-37.48,-26.32,-8.72
2019-07-27T12:12:07.760-05:00,-37.48,-26.32,-8.72
2019-07-27T12:12:07.763-05:00,-37.54,-26.36,-8.75
2019-07-27T12:12:07.765-05:00,-37.54,-26.36,-8.75
2019-07-27T12:20:03.744-05:00,-37.54,-26.36,-8.75
2019-07-27T12:20:04.610-05:00,-37.61,-26.5,-8.78
2019-07-27T12:20:04.614-05:00,-37.74,-26.5,-8.78
2019-07-27T12:20:04.967-05:00,-37.74,-26.5,-8.78
2019-07-27T12:20:04.968-05:00,-37.61,-26.5,-8.78
2019-07-27T12:23:55.206-05:00,-37.67,-26.54,-8.81
2019-07-27T12:23:55.691-05:00,-37.8,-26.54,-8.81
2019-07-27T12:23:55.694-05:00,-37.67,-26.54,-8.81
2019-07-27T12:23:56.233-05:00,-37.8,-26.54,-8.81
2019-07-27T12:23:56.235-05:00,-37.8,-26.54,-8.81
2019-07-27T12:23:56.238-05:00,-37.67,-26.54,-8.81
2019-07-27T12:26:09.469-05:00,-37.67,-26.54,-8.81
2019-07-27T12:26:09.914-05:00,-37.8,-26.54,-8.81
2019-07-27T12:26:09.917-05:00,-37.8,-26.54,-8.81
2019-07-27T12:26:10.375-05:00,-37.8,-26.54,-8.81
2019-07-27T12:26:10.381-05:00,-37.8,-26.54,-8.81
2019-07-27T12:26:10.670-05:00,-37.8,-26.54,-8.81
2019-07-27T12:33:14.666-05:00,-37.87,-26.67,-8.83
2019-07-27T12:33:15.105-05:00,-37.87,-26.58,-8.83
2019-07-27T12:33:15.108-05:00,-37.87,-26.58,-8.83
2019-07-27T12:33:15.567-05:00,-37.87,-26.58,-8.83
2019-07-27T12:33:15.569-05:00,-37.87,-26.58,-8.83
2019-07-27T12:33:15.885-05:00,-37.87,-26.58,-8.83
2019-07-27T12:37:25.695-05:00,-37.93,-26.72,-9.04
2019-07-27T12:37:26.177-05:00,-37.93,-26.72,-9.04
2019-07-27T12:37:26.179-05:00,-37.93,-26.72,-9.04
2019-07-27T12:37:26.720-05:00,-37.93,-26.72,-9.04
2019-07-27T12:37:26.722-05:00,-37.93,-26.72,-9.04
2019-07-27T12:37:26.724-05:00,-37.93,-26.72,-9.04
2019-07-27T12:42:11.116-05:00,-37.99,-26.76,-8.89
2019-07-27T12:42:11.601-05:00,-37.99,-26.76,-9.07
2019-07-27T12:42:11.604-05:00,-37.99,-26.76,-9.07
2019-07-27T12:42:12.143-05:00,-37.99,-26.76,-9.07
2019-07-27T12:42:12.147-05:00,-37.99,-26.76,-9.07
2019-07-27T12:42:12.150-05:00,-37.99,-26.76,-9.07
2019-07-27T12:53:11.533-05:00,-38.12,-26.94,-8.95
2019-07-27T12:53:12.017-05:00,-38.12,-26.94,-8.95
2019-07-27T12:53:12.020-05:00,-38.12,-26.94,-8.95
2019-07-27T12:53:12.560-05:00,-38.12,-26.94,-8.95
2019-07-27T12:53:12.562-05:00,-38.12,-26.94,-8.95
2019-07-27T12:53:12.563-05:00,-38.12,-26.94,-8.95
2019-07-27T14:02:22.675-05:00,-38.77,-27.67,-9.55
2019-07-27T14:02:22.681-05:00,-38.77,-27.67,-9.55
2019-07-27T14:02:23.144-05:00,-38.91,-27.67,-9.37
2019-07-27T14:02:23.146-05:00,-38.91,-27.67,-9.37
2019-07-27T14:02:23.499-05:00,-38.91,-27.67,-9.37
2019-07-27T14:02:23.505-05:00,-38.91,-27.67,-9.37
2019-07-27T14:07:22.623-05:00,-38.91,-27.76,-9.55
2019-07-27T14:07:22.629-05:00,-38.91,-27.76,-9.55
2019-07-27T14:07:23.144-05:00,-38.91,-27.76,-9.55
2019-07-27T14:07:23.150-05:00,-38.91,-27.67,-9.55
2019-07-27T14:07:23.153-05:00,-38.91,-27.67,-9.55
2019-07-27T14:07:23.444-05:00,-38.91,-27.76,-9.55
2019-07-27T14:48:11.911-05:00,-38.91,-27.76,-9.55
2019-07-27T16:48:46.212-05:00,-39.35,-28.35,-9.49
2019-07-27T18:49:11.573-05:00,-39.74,-28.81,-9.89
2019-07-27T20:49:35.729-05:00,-39.48,-28.71,-10.79
2019-07-28T00:50:30.764-05:00,-39.58,-28.27,-10.69
2019-07-28T02:50:58.957-05:00,-39.73,-28.06,-10.71
2019-07-28T04:51:24.579-05:00,-40.01,-27.76,-10.73
2019-07-28T06:51:50.895-05:00,-40.37,-27.59,-10.84
2019-07-28T08:52:20.885-05:00,-41.31,-27.81,-11.13
2019-07-28T10:52:54.430-05:00,-43.05,-29.04,-11.84
2019-07-28T12:18:37.070-05:00,-45.08,-30.77,-12.55
2019-07-28T12:18:37.608-05:00,-45.08,-30.77,-12.55
2019-07-28T12:18:37.612-05:00,-45.08,-30.87,-12.55
2019-07-28T12:18:37.615-05:00,-45.08,-30.77,-12.55
2019-07-28T12:18:37.905-05:00,-45.08,-30.77,-12.55
2019-07-28T12:21:59.776-05:00,-45.08,-30.87,-12.6
2019-07-28T12:22:00.180-05:00,-45.08,-30.77,-12.55
2019-07-28T12:22:00.696-05:00,-45.08,-30.87,-12.55
2019-07-28T12:22:00.704-05:00,-45.08,-30.87,-12.55
2019-07-28T12:22:00.707-05:00,-45.08,-30.77,-12.55
2019-07-28T12:22:00.995-05:00,-45.08,-30.87,-12.55
2019-07-28T12:53:16.675-05:00,-45.16,-30.82,-12.57
2019-07-28T14:29:11.843-05:00,-46.19,-31.93,-12.93
2019-07-28T14:29:13.376-05:00,-46.11,-32.1,-12.91
2019-07-28T14:29:13.384-05:00,-46.29,-31.99,-12.91
2019-07-28T14:29:13.387-05:00,-46.29,-31.99,-12.91
2019-07-28T16:54:17.362-05:00,-46.48,-32.68,-13.17
2019-07-28T18:54:47.170-05:00,-45.98,-32.67,-13.25
2019-07-28T20:55:11.990-05:00,-45.72,-32.23,-13.15
2019-07-29T00:56:12.343-05:00,-45.69,-32.06,-13.2
2019-07-29T02:56:36.379-05:00,-46.04,-31.82,-13.3
2019-07-29T04:57:09.690-05:00,-48.06,-31.58,-13.4
2019-07-29T06:57:39.029-05:00,-48.48,-31.44,-13.55
2019-07-29T08:58:11.279-05:00,-49.55,-31.74,-13.87
2019-07-29T10:58:36.418-05:00,-12.8,-8.63,-24.5
2019-07-29T12:58:58.819-05:00,-13.03,-9.2,-25.51
2019-07-29T14:59:29.676-05:00,-13.39,-9.58,-25.69
2019-07-29T16:59:56.411-05:00,-13.7,-11.31,-25.69
2019-07-29T18:47:38.090-05:00,-13.7,-11.31,-25.69
2019-07-29T18:47:38.671-05:00,-13.65,-11.55,-26.84
2019-07-29T21:00:52.073-05:00,-13.47,-11.76,-27.26
2019-07-30T01:01:51.270-05:00,-13.69,-12.57,-27.35
2019-07-30T03:02:17.459-05:00,-14.49,-13.52,-26.82
2019-07-30T05:02:46.585-05:00,-15.6,-14.53,-26.25
2019-07-30T07:03:13.131-05:00,-16.69,-15.45,-25.81
2019-07-30T09:03:40.106-05:00,-17.9,-16.53,-25.48
2019-07-30T11:04:06.862-05:00,-19.08,-17.56,-25.36
2019-07-30T13:04:35.907-05:00,-20.39,-18.83,-25.57
2019-07-30T15:05:03.003-05:00,-21.59,-20.01,-25.45
2019-07-30T17:05:34.071-05:00,-22.62,-20.9,-24.9
2019-07-30T19:06:00.981-05:00,-23.86,-21.83,-24.36
2019-07-30T23:06:52.181-05:00,-24.56,-22.32,-23.57
2019-07-31T01:07:23.189-05:00,-25.32,-22.62,-23.01
2019-07-31T03:07:52.306-05:00,-26.09,-22.98,-22.6
2019-07-31T05:08:19.589-05:00,-26.64,-23.24,-22.3
2019-07-31T07:08:50.359-05:00,-27.16,-23.45,-22.05
2019-07-31T09:09:18.308-05:00,-27.99,-23.98,-22.25
2019-07-31T11:09:47.357-05:00,-29.25,-25.14,-22.76
2019-07-31T12:24:05.873-05:00,-30.44,-26.15,-23.2
2019-07-31T12:24:06.332-05:00,-30.44,-26.15,-23.2
2019-07-31T12:24:06.335-05:00,-30.44,-26.15,-23.2
2019-07-31T12:24:06.628-05:00,-30.44,-26.15,-23.2
2019-07-31T12:27:37.468-05:00,-30.49,-26.2,-23.23
2019-07-31T12:27:37.932-05:00,-30.49,-26.2,-23.23
2019-07-31T12:27:37.934-05:00,-30.49,-26.29,-23.23
2019-07-31T12:27:38.455-05:00,-30.49,-26.2,-23.23
2019-07-31T12:27:38.458-05:00,-30.49,-26.29,-23.23
2019-07-31T12:27:38.463-05:00,-30.49,-26.2,-23.23
2019-07-31T12:30:22.373-05:00,-30.54,-26.33,-23.27
2019-07-31T12:30:22.816-05:00,-30.65,-26.33,-23.27
2019-07-31T12:30:23.271-05:00,-30.54,-26.33,-23.27
2019-07-31T12:30:23.280-05:00,-30.65,-26.33,-23.27
2019-07-31T12:30:23.283-05:00,-30.65,-26.33,-23.27
2019-07-31T12:30:23.573-05:00,-30.54,-26.33,-23.27
2019-07-31T13:10:17.448-05:00,-30.75,-26.41,-23.34
2019-07-31T13:10:17.893-05:00,-30.75,-26.41,-23.34
2019-07-31T13:10:17.896-05:00,-30.75,-26.41,-23.34
2019-07-31T14:00:02.223-05:00,-31.75,-27.36,-23.68
2019-07-31T14:00:02.233-05:00,-31.75,-27.36,-23.68
2019-07-31T14:00:02.743-05:00,-31.86,-27.36,-23.68
2019-07-31T14:00:02.753-05:00,-31.86,-27.36,-23.68
2019-07-31T14:00:02.757-05:00,-31.86,-27.36,-23.68
2019-07-31T15:10:44.318-05:00,-31.86,-27.36,-23.68
2019-07-31T15:10:44.804-05:00,-31.86,-27.45,-23.68
2019-07-31T16:15:34.000-05:00,-32.84,-28.09,-23.41
2019-07-31T18:16:20.000-05:00,-33.69,-28.5,-22.88
2019-07-31T20:28:43.000-05:00,-34.59,-28.74,-22.45
2019-07-31T22:41:01.000-05:00,-35.27,-28.78,-21.95
2019-08-01T00:52:50.000-05:00,-35.96,-28.72,-21.68
2019-08-01T02:52:52.000-05:00,-36.52,-28.64,-21.48
2019-08-01T05:16:50.000-05:00,-37.02,-28.61,-21.24
2019-08-01T07:28:29.000-05:00,-37.96,-28.9,-21.31
2019-08-01T09:40:37.000-05:00,-39.65,-30.05,-22.06
2019-08-01T11:52:54.000-05:00,-41.51,-31.63,-22.8
2019-08-01T14:05:21.000-05:00,-43.22,-33.23,-23.36
2019-08-01T14:18:30.000-05:00,-43.22,-33.23,-23.44
2019-08-01T14:18:33.000-05:00,-43.22,-33.23,-23.36
2019-08-01T14:18:38.000-05:00,-43.22,-33.23,-23.36
2019-08-01T14:18:58.000-05:00,-43.22,-33.23,-23.36
2019-08-01T14:19:00.000-05:00,-43.22,-33.23,-23.44
2019-08-01T16:31:49.000-05:00,-43.75,-33.72,-23.13
2019-08-01T16:31:54.000-05:00,-43.75,-33.72,-23.13
2019-08-01T16:31:56.000-05:00,-43.75,-33.72,-23.21
2019-08-01T18:32:29.000-05:00,-44.33,-33.76,-22.69
2019-08-01T20:44:46.000-05:00,-44.31,-33.48,-22.13
2019-08-01T22:56:51.000-05:00,-44.92,-33.18,-21.86
2019-08-02T01:08:48.000-05:00,-45.76,-33.03,-21.69
2019-08-02T03:20:42.000-05:00,-46.11,-32.78,-21.53
2019-08-02T05:32:33.000-05:00,-48.09,-32.63,-21.36
2019-08-02T07:44:23.000-05:00,-49.18,-32.96,-21.57
2019-08-02T09:56:39.000-05:00,-51.22,-34.22,-22.29
2019-08-02T12:21:22.000-05:00,-53.42,-36.23,-23.15
2019-08-02T12:21:27.000-05:00,-53.42,-36.23,-23.23
2019-08-02T12:21:29.000-05:00,-53.42,-36.23,-23.15
2019-08-02T12:21:31.000-05:00,-53.42,-36.23,-23.15
2019-08-02T12:21:33.000-05:00,-53.42,-36.23,-23.15
2019-08-02T12:22:19.000-05:00,-53.42,-36.23,-23.23
2019-08-02T12:23:56.000-05:00,-53.42,-36.23,-23.23
2019-08-02T12:23:59.000-05:00,-53.42,-36.23,-23.23
2019-08-02T12:24:01.000-05:00,-53.42,-36.23,-23.23
2019-08-02T12:24:03.000-05:00,-53.42,-36.23,-23.23
2019-08-02T12:24:05.000-05:00,-53.42,-36.23,-23.23
2019-08-02T12:24:07.000-05:00,-53.42,-36.23,-23.23
2019-08-02T12:27:12.000-05:00,-53.5,-36.29,-23.27
2019-08-02T12:27:12.000-05:00,-53.5,-36.29,-23.27
2019-08-02T12:27:12.000-05:00,-53.5,-36.29,-23.27
2019-08-02T12:27:14.000-05:00,-53.5,-36.29,-23.27
2019-08-02T12:27:14.000-05:00,-53.5,-36.29,-23.27
2019-08-02T12:27:14.000-05:00,-53.5,-36.29,-23.27
2019-08-02T12:27:16.000-05:00,-53.5,-36.29,-23.27
2019-08-02T12:27:16.000-05:00,-53.5,-36.29,-23.27
2019-08-02T12:27:16.000-05:00,-53.5,-36.29,-23.27
2019-08-02T12:27:18.000-05:00,-53.5,-36.29,-23.27
2019-08-02T12:27:18.000-05:00,-53.5,-36.29,-23.27
2019-08-02T12:27:18.000-05:00,-53.5,-36.29,-23.27
2019-08-02T12:27:21.000-05:00,-53.5,-36.29,-23.27
2019-08-02T12:27:21.000-05:00,-53.5,-36.29,-23.27
2019-08-02T12:27:21.000-05:00,-53.5,-36.29,-23.27
2019-08-02T12:27:23.000-05:00,-53.5,-36.29,-23.27
2019-08-02T12:27:23.000-05:00,-53.5,-36.29,-23.27
2019-08-02T12:27:23.000-05:00,-53.5,-36.29,-23.27
2019-08-02T12:39:54.003-05:00,-53.57,-36.48,-23.31
2019-08-02T12:39:54.468-05:00,-53.57,-36.48,-23.31
2019-08-02T12:39:54.925-05:00,-53.57,-36.48,-23.31
2019-08-02T12:39:54.937-05:00,-53.57,-36.48,-23.31
2019-08-02T12:39:54.940-05:00,-53.57,-36.35,-23.31
2019-08-02T12:39:55.225-05:00,-53.79,-36.48,-23.31
2019-08-02T13:12:52.843-05:00,-54.02,-36.66,-23.42
2019-08-02T13:12:53.307-05:00,-54.02,-36.66,-23.42
2019-08-02T13:12:53.310-05:00,-54.02,-36.8,-23.42
2019-08-02T13:12:53.769-05:00,-54.02,-36.66,-23.42
2019-08-02T13:12:53.770-05:00,-54.02,-36.66,-23.42
2019-08-02T13:12:53.773-05:00,-54.02,-36.66,-23.42
2019-08-02T13:12:54.064-05:00,-54.02,-36.66,-23.42
2019-08-02T13:14:52.080-05:00,-54.17,-36.73,-23.38
2019-08-02T13:14:52.565-05:00,-54.17,-36.73,-23.38
2019-08-02T13:14:52.567-05:00,-54.17,-36.73,-23.38
2019-08-02T13:14:53.109-05:00,-54.17,-36.73,-23.38
2019-08-02T13:14:53.112-05:00,-54.17,-36.73,-23.38
2019-08-02T13:14:53.117-05:00,-54.17,-36.73,-23.38
2019-08-02T15:55:59.289-05:00,-55.15,-37.46,-23.42
2019-08-02T17:56:25.132-05:00,-56.17,-37.88,-23.43
2019-08-02T19:56:56.801-05:00,-56.49,-37.73,-23.02
2019-08-02T23:57:51.626-05:00,-56.63,-37.33,-22.63
2019-08-03T01:58:19.755-05:00,-57.09,-36.92,-22.31
2019-08-03T03:58:45.379-05:00,-57.47,-36.77,-22.22
2019-08-03T05:59:14.644-05:00,-57.94,-36.42,-22.09
2019-08-03T07:59:44.134-05:00,-58.67,-36.37,-21.99
2019-08-03T10:00:12.798-05:00,-60.72,-37.66,-22.73
2019-08-03T12:00:34.853-05:00,-62.86,-39.41,-23.5
2019-08-03T12:51:01.400-05:00,-64.37,-40.79,-24.11
2019-08-03T12:51:01.919-05:00,-64.37,-40.94,-24.03
2019-08-03T12:51:01.920-05:00,-64.37,-40.79,-24.11
2019-08-03T12:51:01.926-05:00,-64.37,-40.79,-24.11
2019-08-03T13:20:31.656-05:00,-64.46,-41.01,-24.15
2019-08-03T13:20:32.094-05:00,-64.46,-41.01,-24.23
2019-08-03T13:20:32.099-05:00,-64.55,-40.93,-24.19
2019-08-03T13:20:32.619-05:00,-64.55,-41.08,-24.19
2019-08-03T13:20:32.622-05:00,-64.55,-41.08,-24.19
2019-08-03T13:20:32.625-05:00,-64.55,-41.08,-24.19
2019-08-03T13:23:26.864-05:00,-64.55,-41.23,-24.19
2019-08-03T13:23:27.306-05:00,-64.55,-41.23,-24.19
2019-08-03T13:23:27.309-05:00,-64.55,-41.08,-24.19
2019-08-03T13:23:28.530-05:00,-64.55,-41.08,-24.19
2019-08-03T13:23:28.534-05:00,-64.55,-41.23,-24.19
2019-08-03T13:23:28.536-05:00,-64.55,-41.23,-24.19
2019-08-03T13:26:13.437-05:00,-64.64,-41.3,-24.23
2019-08-03T13:26:13.883-05:00,-64.92,-41.3,-24.23
2019-08-03T13:26:13.889-05:00,-64.64,-41.3,-24.23
2019-08-03T13:26:14.344-05:00,-64.64,-41.3,-24.23
2019-08-03T13:26:14.347-05:00,-64.64,-41.3,-24.23
2019-08-03T13:26:14.637-05:00,-64.64,-41.3,-24.23
2019-08-03T13:58:44.893-05:00,-64.64,-41.3,-24.23
2019-08-03T13:58:45.376-05:00,-64.64,-41.3,-24.23
2019-08-03T13:58:45.894-05:00,-65.18,-41.51,-24.35
2019-08-03T13:58:45.900-05:00,-65.27,-41.74,-24.39
2019-08-03T13:58:45.901-05:00,-65.27,-41.74,-24.39
2019-08-03T13:58:46.173-05:00,-65.27,-41.74,-24.47
2019-08-03T14:01:41.629-05:00,-64.9,-41.66,-24.35
2019-08-03T14:01:42.072-05:00,-65.18,-41.66,-24.35
2019-08-03T14:01:42.074-05:00,-65.18,-41.66,-24.35
2019-08-03T14:01:42.538-05:00,-65.18,-41.66,-24.35
2019-08-03T14:01:42.540-05:00,-65.18,-41.66,-24.35
2019-08-03T14:01:42.830-05:00,-65.18,-41.66,-24.35
2019-08-03T17:26:38.234-05:00,-64.42,-41.17,-23.81
2019-08-03T20:02:24.351-05:00,-65.37,-41.49,-23.74
2019-08-03T22:02:51.176-05:00,-65.3,-41.41,-23.36
2019-08-04T00:03:19.266-05:00,-65.59,-41.1,-23.12
2019-08-04T02:03:43.898-05:00,-66.18,-40.85,-22.9
2019-08-04T04:04:10.554-05:00,-66.77,-40.8,-22.87
2019-08-04T06:04:41.470-05:00,-67.06,-40.55,-22.74
2019-08-04T08:03:16.008-05:00,-68.07,-40.77,-22.85
2019-08-04T10:05:38.058-05:00,-70.56,-42.15,-23.58
2019-08-04T12:04:14.088-05:00,-72.94,-44.08,-24.42
2019-08-04T12:42:07.341-05:00,-73.56,-44.86,-24.75
2019-08-04T12:42:07.353-05:00,-73.22,-44.86,-24.75
2019-08-04T12:42:07.803-05:00,-73.56,-44.69,-24.75
2019-08-04T12:42:07.805-05:00,-73.22,-44.69,-24.75
2019-08-04T12:42:08.118-05:00,-73.56,-44.69,-24.75
2019-08-04T12:44:47.064-05:00,-73.56,-44.86,-24.75
2019-08-04T12:44:47.671-05:00,-73.56,-44.86,-24.75
2019-08-04T12:44:48.667-05:00,-73.22,-44.86,-24.75
2019-08-04T12:44:48.674-05:00,-73.56,-44.86,-24.75
2019-08-04T12:44:48.676-05:00,-73.56,-44.86,-24.66
2019-08-04T12:48:20.589-05:00,-73.56,-44.69,-24.66
2019-08-04T12:48:21.036-05:00,-73.22,-44.86,-24.66
2019-08-04T12:48:21.494-05:00,-73.56,-44.86,-24.66
2019-08-04T12:48:21.496-05:00,-73.56,-44.86,-24.66
2019-08-04T12:48:21.810-05:00,-73.56,-44.86,-24.66
2019-08-04T12:50:40.573-05:00,-73.56,-44.86,-24.66
2019-08-04T12:50:41.092-05:00,-73.56,-44.86,-24.75
2019-08-04T12:50:41.100-05:00,-73.56,-44.86,-24.75
2019-08-04T12:50:41.102-05:00,-73.56,-44.86,-24.75
2019-08-04T12:50:41.373-05:00,-73.56,-44.86,-24.75
2019-08-04T16:06:59.009-05:00,-74.81,-46.25,-25.11
2019-08-04T18:07:28.749-05:00,-75.39,-47.24,-25.16
2019-08-04T22:01:02.761-05:00,-74.1,-45.84,-23.76
2019-08-05T00:08:48.441-05:00,-74.92,-45.99,-23.65
2019-08-05T02:09:12.940-05:00,-74.83,-45.58,-23.37
2019-08-05T04:09:37.399-05:00,-75.66,-45.61,-23.29
2019-08-05T08:10:33.952-05:00,-76.61,-45.71,-23.34
2019-08-05T10:11:01.327-05:00,-78.19,-46.37,-23.64
2019-08-05T12:11:27.836-05:00,-80.5,-47.75,-24.21
2019-08-05T14:12:01.986-05:00,-83.55,-51.04,-25.03
2019-08-05T14:34:10.376-05:00,-84.86,-52.69,-25.48
2019-08-05T14:34:10.859-05:00,-84.86,-52.69,-25.48
2019-08-05T14:34:10.862-05:00,-84.98,-52.76,-25.52
2019-08-05T14:34:11.904-05:00,-84.98,-52.76,-25.52
2019-08-05T14:34:11.907-05:00,-84.98,-52.76,-25.52
2019-08-05T14:34:11.908-05:00,-84.98,-52.76,-25.52
2019-08-05T14:48:58.176-05:00,-85.1,-53.05,-25.56
2019-08-05T14:48:58.662-05:00,-85.1,-52.84,-25.56
2019-08-05T14:48:58.664-05:00,-85.51,-52.84,-25.56
2019-08-05T14:48:59.203-05:00,-85.1,-52.84,-25.56
2019-08-05T14:48:59.205-05:00,-85.51,-52.84,-25.56
2019-08-05T14:48:59.207-05:00,-85.51,-53.05,-25.56
2019-08-05T15:19:33.800-05:00,-85.22,-53.13,-25.6
2019-08-05T15:19:35.133-05:00,-85.63,-53.13,-25.6
2019-08-05T15:19:35.136-05:00,-85.63,-53.13,-25.6
2019-08-05T15:19:35.138-05:00,-85.63,-53.13,-25.6
2019-08-05T15:19:35.140-05:00,-85.63,-53.13,-25.6
2019-08-05T15:19:35.142-05:00,-85.63,-53.13,-25.6
2019-08-05T15:22:46.830-05:00,-85.74,-53.42,-25.73
2019-08-05T15:22:47.316-05:00,-85.74,-53.42,-25.73
2019-08-05T15:22:47.320-05:00,-85.74,-53.42,-25.73
2019-08-05T15:22:47.857-05:00,-85.74,-53.42,-25.73
2019-08-05T15:22:47.858-05:00,-85.74,-53.42,-25.73
2019-08-05T15:22:47.865-05:00,-85.74,-53.42,-25.65
2019-08-05T15:22:48.150-05:00,-85.86,-53.49,-25.69
2019-08-05T18:16:09.161-05:00,-86.51,-54.47,-25.57
2019-08-05T19:28:12.392-05:00,-86.56,-54.7,-25.53
2019-08-05T19:28:12.836-05:00,-86.56,-54.7,-25.53
2019-08-05T19:28:12.842-05:00,-86.56,-54.7,-25.53
2019-08-05T19:28:13.297-05:00,-86.44,-54.62,-25.49
2019-08-05T19:28:13.300-05:00,-86.56,-54.7,-25.53
2019-08-05T19:28:13.592-05:00,-86.56,-54.7,-25.53
2019-08-05T19:54:00.763-05:00,-86.25,-54.93,-25.29
2019-08-05T19:54:01.247-05:00,-86.25,-54.93,-25.29
2019-08-05T19:54:01.253-05:00,-86.67,-54.93,-25.29
2019-08-05T19:54:01.787-05:00,-86.67,-54.93,-25.29
2019-08-05T19:54:01.791-05:00,-86.67,-54.93,-25.29
2019-08-05T19:54:01.794-05:00,-86.67,-54.93,-25.29
2019-08-05T20:01:33.966-05:00,-86.17,-54.85,-25.13
2019-08-05T20:01:34.411-05:00,-86.59,-54.85,-25.13
2019-08-05T20:01:34.414-05:00,-86.17,-54.85,-25.13
2019-08-05T20:01:34.873-05:00,-86.17,-54.85,-25.13
2019-08-05T20:01:34.876-05:00,-86.59,-54.85,-25.13
2019-08-05T20:01:35.166-05:00,-86.17,-54.85,-25.13
2019-08-05T20:04:47.333-05:00,-86.34,-54.7,-25.05
2019-08-05T20:04:48.141-05:00,-86.34,-54.7,-25.05
2019-08-05T20:04:48.145-05:00,-86.34,-54.7,-25.05
2019-08-05T20:04:48.238-05:00,-86.47,-54.77,-25.09
2019-08-05T20:04:48.241-05:00,-86.34,-54.7,-25.05
2019-08-05T20:04:49.000-05:00,-86.34,-54.7,-25.05
2019-08-05T20:23:36.012-05:00,-86.34,-54.7,-25.05
2019-08-05T20:23:36.414-05:00,-86.34,-54.7,-25.05
2019-08-05T20:23:36.913-05:00,-86.34,-54.7,-25.05
2019-08-05T20:23:36.921-05:00,-86.34,-54.7,-25.05
2019-08-05T20:23:36.922-05:00,-86.34,-54.7,-25.05
2019-08-05T20:23:37.207-05:00,-86.34,-54.7,-25.05
2019-08-05T20:39:25.938-05:00,-85.97,-54.69,-24.93
2019-08-05T20:39:26.419-05:00,-85.97,-54.69,-24.93
2019-08-05T20:39:26.421-05:00,-86.39,-54.69,-25.01
2019-08-05T20:39:26.987-05:00,-85.97,-54.69,-24.93
2019-08-05T20:39:26.990-05:00,-86.39,-54.69,-24.93
2019-08-05T20:39:26.993-05:00,-86.39,-54.69,-25.01
2019-08-05T20:46:24.761-05:00,-86.01,-54.68,-24.89
2019-08-05T20:46:24.766-05:00,-86.01,-54.68,-24.81
2019-08-05T20:46:25.301-05:00,-86.01,-54.68,-24.81
2019-08-05T20:46:25.308-05:00,-86.01,-54.68,-24.89
2019-08-05T20:46:25.311-05:00,-86.01,-54.68,-24.81
2019-08-05T20:46:25.580-05:00,-86.01,-54.68,-24.89
2019-08-05T21:13:54.753-05:00,-85.89,-54.61,-24.86
2019-08-05T21:13:55.197-05:00,-85.89,-54.61,-24.86
2019-08-05T21:13:55.201-05:00,-85.89,-54.61,-24.86
2019-08-05T21:13:55.658-05:00,-85.89,-54.61,-24.86
2019-08-05T21:13:55.661-05:00,-85.89,-54.61,-24.86
2019-08-05T21:13:55.953-05:00,-85.89,-54.61,-24.86
2019-08-05T22:39:08.496-05:00,-85.8,-54.52,-24.7
2019-08-05T22:39:08.499-05:00,-85.8,-54.52,-24.7
2019-08-05T22:39:08.503-05:00,-85.8,-54.52,-24.7
2019-08-05T22:39:08.650-05:00,-85.8,-54.52,-24.7
2019-08-05T22:39:08.653-05:00,-85.8,-54.52,-24.7
2019-08-05T22:39:08.965-05:00,-85.8,-54.52,-24.7
2019-08-05T22:57:40.092-05:00,-80.67,-55.18,-24.86
2019-08-05T22:57:40.574-05:00,-80.28,-55.18,-24.77
2019-08-05T22:57:40.576-05:00,-79.52,-55.18,-24.77
2019-08-05T22:57:41.118-05:00,-78.77,-55.18,-24.86
2019-08-05T22:57:41.120-05:00,-77.3,-55.18,-24.86
2019-08-05T22:57:41.124-05:00,-75.16,-55.18,-24.86
2019-08-05T23:18:14.174-05:00,-12.21,-21.65,-18.94
2019-08-05T23:18:14.616-05:00,-12.21,-21.51,-18.81
2019-08-05T23:18:14.619-05:00,-12.21,-21.43,-18.75
2019-08-05T23:18:15.078-05:00,-12.21,-21.29,-18.68
2019-08-05T23:18:15.081-05:00,-12.21,-21.21,-18.62
2019-08-05T23:18:15.372-05:00,-12.21,-21.07,-18.62
2019-08-06T01:32:14.374-05:00,-12.61,-11.03,-14.59
2019-08-06T01:32:14.379-05:00,-12.61,-11.03,-14.54
2019-08-06T01:32:14.833-05:00,-12.56,-11.03,-14.54
2019-08-06T01:32:14.841-05:00,-12.61,-11.03,-14.54
2019-08-06T01:32:14.845-05:00,-12.56,-11.03,-14.54
2019-08-06T01:32:15.135-05:00,-12.56,-11.03,-14.54
2019-08-06T01:33:59.038-05:00,-12.75,-10.74,-18.26
2019-08-06T01:33:59.523-05:00,-12.75,-10.74,-18.26
2019-08-06T01:33:59.526-05:00,-12.79,-10.74,-18.26
2019-08-06T01:34:00.023-05:00,-12.79,-10.74,-18.26
2019-08-06T01:34:00.027-05:00,-12.79,-10.74,-18.26
2019-08-06T01:38:11.219-05:00,-12.79,-10.78,-18.32
2019-08-06T01:38:11.664-05:00,-12.79,-10.74,-18.32
2019-08-06T01:38:12.118-05:00,-12.79,-10.74,-18.32
2019-08-06T01:38:12.125-05:00,-12.79,-10.74,-18.32
2019-08-06T01:38:12.127-05:00,-12.79,-10.74,-18.32
2019-08-06T01:40:50.138-05:00,-12.84,-10.78,-18.45
2019-08-06T01:40:50.624-05:00,-12.77,-10.76,-18.42
2019-08-06T01:40:50.626-05:00,-12.82,-10.76,-18.42
2019-08-06T01:40:51.188-05:00,-12.77,-10.76,-18.42
2019-08-06T01:40:51.192-05:00,-12.77,-10.76,-18.42
2019-08-06T01:40:51.198-05:00,-12.82,-10.76,-18.48
2019-08-06T01:45:54.480-05:00,-12.82,-10.76,-18.55
2019-08-06T01:45:54.998-05:00,-12.82,-10.76,-18.55
2019-08-06T01:45:55.377-05:00,-12.82,-10.76,-18.55
2019-08-06T01:45:55.381-05:00,-12.82,-10.76,-18.55
2019-08-06T01:45:55.383-05:00,-12.82,-10.76,-18.55
2019-08-06T01:45:55.384-05:00,-12.82,-10.76,-18.61
2019-08-06T01:45:55.385-05:00,-12.82,-10.76,-18.61
2019-08-06T01:48:55.391-05:00,-12.82,-10.76,-18.61
2019-08-06T01:48:55.395-05:00,-12.82,-10.76,-18.61
2019-08-06T01:48:55.397-05:00,-12.82,-10.76,-18.68
2019-08-06T01:48:55.398-05:00,-12.82,-10.76,-18.68
2019-08-06T01:48:55.934-05:00,-12.82,-10.76,-18.68
2019-08-06T01:48:55.937-05:00,-12.82,-10.76,-18.68
2019-08-06T01:48:55.938-05:00,-12.82,-10.76,-18.68
2019-08-06T01:48:55.939-05:00,-12.82,-10.76,-18.68
2019-08-06T02:52:33.158-05:00,-12.82,-10.76,-18.74
2019-08-06T02:52:33.697-05:00,-12.82,-10.76,-18.74
2019-08-06T02:52:34.203-05:00,-12.87,-10.76,-18.74
2019-08-06T02:52:34.205-05:00,-12.87,-10.76,-18.74
2019-08-06T02:52:34.208-05:00,-12.87,-10.76,-18.74
2019-08-06T03:32:39.948-05:00,-12.97,-11.03,-20.57
2019-08-06T03:32:40.432-05:00,-12.97,-11.03,-20.57
2019-08-06T03:32:40.436-05:00,-12.97,-11.03,-20.57
2019-08-06T03:32:40.977-05:00,-12.97,-10.99,-20.57
2019-08-06T03:32:40.979-05:00,-12.97,-11.03,-20.57
2019-08-06T03:32:40.982-05:00,-12.97,-11.03,-20.57
2019-08-06T03:46:13.704-05:00,-13.1,-11.23,-21.62
2019-08-06T03:46:14.241-05:00,-13.1,-11.23,-21.62
2019-08-06T03:46:14.243-05:00,-13.1,-11.23,-21.62
2019-08-06T03:46:14.833-05:00,-13.1,-11.23,-21.69
2019-08-06T03:46:14.835-05:00,-13.1,-11.23,-21.69
2019-08-06T03:46:14.837-05:00,-13.1,-11.23,-21.69
2019-08-06T03:59:25.753-05:00,-13.14,-11.36,-21.99
2019-08-06T03:59:26.652-05:00,-13.14,-11.36,-21.99
2019-08-06T03:59:26.658-05:00,-13.12,-11.34,-21.95
2019-08-06T03:59:26.661-05:00,-13.14,-11.36,-21.99
2019-08-06T03:59:26.953-05:00,-13.14,-11.36,-22.06
2019-08-06T04:25:57.713-05:00,-13.17,-11.47,-22.25
2019-08-06T04:25:58.140-05:00,-13.14,-11.49,-22.29
2019-08-06T04:25:58.146-05:00,-13.14,-11.49,-22.29
2019-08-06T04:25:58.150-05:00,-13.12,-11.47,-22.33
2019-08-06T04:25:58.439-05:00,-13.12,-11.47,-22.33
2019-08-06T04:30:14.256-05:00,-13.27,-11.74,-22.87
2019-08-06T04:30:14.742-05:00,-13.27,-11.78,-22.87
2019-08-06T04:30:15.283-05:00,-13.27,-11.78,-22.87
2019-08-06T04:30:15.286-05:00,-13.27,-11.74,-22.87
2019-08-06T04:30:15.289-05:00,-13.27,-11.74,-22.95
2019-08-06T04:33:11.336-05:00,-13.27,-11.78,-22.95
2019-08-06T04:33:11.776-05:00,-13.27,-11.78,-22.95
2019-08-06T04:33:11.782-05:00,-13.27,-11.78,-23.03
2019-08-06T04:33:12.241-05:00,-13.27,-11.83,-22.95
2019-08-06T04:33:12.244-05:00,-13.27,-11.78,-23.03
2019-08-06T04:33:12.536-05:00,-13.27,-11.83,-23.03
2019-08-06T04:51:58.197-05:00,-13.27,-11.83,-23.03
2019-08-06T04:51:58.643-05:00,-13.32,-11.92,-23.11
2019-08-06T04:51:58.644-05:00,-13.37,-12.01,-23.18
2019-08-06T04:51:58.646-05:00,-13.35,-12.08,-23.31
2019-08-06T04:51:59.129-05:00,-13.35,-12.08,-23.31
2019-08-06T05:06:09.833-05:00,-13.44,-12.12,-23.39
2019-08-06T05:06:10.337-05:00,-13.44,-12.12,-23.39
2019-08-06T05:06:10.340-05:00,-13.4,-12.12,-23.39
2019-08-06T05:06:10.961-05:00,-13.4,-12.12,-23.39
2019-08-06T05:06:10.965-05:00,-13.47,-12.14,-23.42
2019-08-06T05:06:10.967-05:00,-13.44,-12.12,-23.39
2019-08-06T05:27:55.250-05:00,-13.59,-12.35,-23.63
2019-08-06T05:27:55.700-05:00,-13.59,-12.35,-23.63
2019-08-06T05:27:55.704-05:00,-13.59,-12.35,-23.71
2019-08-06T05:27:56.156-05:00,-13.54,-12.35,-23.63
2019-08-06T05:27:56.158-05:00,-13.61,-12.37,-23.66
2019-08-06T05:27:56.452-05:00,-13.54,-12.35,-23.63
2019-08-06T07:57:52.197-05:00,-13.87,-12.66,-24
2019-08-06T07:57:52.638-05:00,-13.87,-12.66,-24
2019-08-06T07:57:52.641-05:00,-13.87,-12.66,-24
2019-08-06T07:57:53.102-05:00,-13.87,-12.66,-24
2019-08-06T07:57:53.111-05:00,-13.87,-12.66,-24
2019-08-06T07:57:53.397-05:00,-13.87,-12.66,-24
2019-08-06T09:54:42.676-05:00,-17.17,-15.73,-25.55
2019-08-06T09:54:43.121-05:00,-17.17,-15.73,-25.55
2019-08-06T09:54:43.129-05:00,-17.2,-15.75,-25.59
2019-08-06T09:54:43.582-05:00,-17.17,-15.73,-25.55
2019-08-06T09:54:43.585-05:00,-17.17,-15.73,-25.55
2019-08-06T09:54:43.895-05:00,-17.23,-15.73,-25.55
2019-08-06T11:33:55.177-05:00,-23.54,-22.28,-27.66
2019-08-06T11:33:55.620-05:00,-23.62,-22.28,-27.56
2019-08-06T11:33:55.622-05:00,-23.62,-22.28,-27.56
2019-08-06T11:33:56.102-05:00,-23.62,-22.28,-27.56
2019-08-06T11:33:56.104-05:00,-23.62,-22.21,-27.66
2019-08-06T11:33:56.397-05:00,-23.62,-22.28,-27.56
2019-08-06T11:36:51.142-05:00,-23.66,-22.39,-27.61
2019-08-06T11:36:51.146-05:00,-23.66,-22.39,-27.61
2019-08-06T11:36:51.681-05:00,-23.66,-22.39,-27.61
2019-08-06T11:36:51.688-05:00,-23.66,-22.39,-27.61
2019-08-06T11:36:51.691-05:00,-23.66,-22.39,-27.61
2019-08-06T11:36:51.982-05:00,-23.66,-22.39,-27.61
2019-08-06T11:43:11.834-05:00,-23.74,-22.47,-27.61
2019-08-06T11:43:12.315-05:00,-23.82,-22.47,-27.61
2019-08-06T11:43:12.320-05:00,-23.82,-22.47,-27.61
2019-08-06T11:43:12.861-05:00,-23.74,-22.47,-27.61
2019-08-06T11:43:12.863-05:00,-23.82,-22.47,-27.7
2019-08-06T11:43:12.865-05:00,-23.82,-22.47,-27.7
2019-08-06T11:58:11.333-05:00,-24.02,-22.66,-27.75
2019-08-06T11:58:11.815-05:00,-24.02,-22.66,-27.65
2019-08-06T11:58:11.817-05:00,-23.94,-22.66,-27.75
2019-08-06T11:58:12.357-05:00,-24.02,-22.66,-27.75
2019-08-06T11:58:12.360-05:00,-24.02,-22.66,-27.65
2019-08-06T11:58:12.363-05:00,-24.02,-22.66,-27.75
2019-08-06T12:08:17.304-05:00,-24.64,-23.32,-27.78
2019-08-06T12:08:17.784-05:00,-24.64,-23.4,-27.78
2019-08-06T12:08:17.795-05:00,-24.64,-23.32,-27.78
2019-08-06T12:08:18.331-05:00,-24.64,-23.4,-27.78
2019-08-06T12:08:18.335-05:00,-24.64,-23.4,-27.78
2019-08-06T12:08:18.339-05:00,-24.64,-23.4,-27.88
2019-08-06T14:23:09.766-05:00,-29.27,-28.97,-28.48
2019-08-06T14:23:09.771-05:00,-29.27,-28.97,-28.38
2019-08-06T14:23:09.772-05:00,-29.27,-28.97,-28.38
2019-08-06T14:26:55.921-05:00,-29.38,-29.07,-28.38
2019-08-06T14:26:56.333-05:00,-29.38,-29.07,-28.38
2019-08-06T14:26:56.875-05:00,-29.48,-29.07,-28.38
2019-08-06T14:26:56.877-05:00,-29.48,-29.07,-28.38
2019-08-06T14:26:56.880-05:00,-29.48,-29.07,-28.38
2019-08-06T14:30:21.021-05:00,-29.58,-29.17,-28.38
2019-08-06T14:30:21.506-05:00,-29.58,-29.17,-28.38
2019-08-06T14:30:21.509-05:00,-29.58,-29.27,-28.48
2019-08-06T14:30:22.048-05:00,-29.48,-29.27,-28.38
2019-08-06T14:30:22.052-05:00,-29.58,-29.27,-28.38
2019-08-06T14:30:22.056-05:00,-29.58,-29.27,-28.38
2019-08-06T14:40:51.658-05:00,-29.58,-29.38,-28.48
2019-08-06T14:40:52.142-05:00,-29.68,-29.27,-28.38
2019-08-06T14:40:52.146-05:00,-29.68,-29.38,-28.48
2019-08-06T14:40:52.683-05:00,-29.68,-29.38,-28.38
2019-08-06T14:40:52.685-05:00,-29.68,-29.38,-28.38
2019-08-06T14:40:52.688-05:00,-29.68,-29.38,-28.38
2019-08-06T14:58:23.930-05:00,-29.99,-29.79,-28.38
2019-08-06T14:58:24.409-05:00,-29.99,-29.79,-28.38
2019-08-06T14:58:24.416-05:00,-29.99,-29.79,-28.48
2019-08-06T14:58:24.948-05:00,-29.99,-29.79,-28.48
2019-08-06T14:58:24.951-05:00,-29.99,-29.79,-28.38
2019-08-06T14:58:24.954-05:00,-29.99,-29.79,-28.38
2019-08-06T15:03:02.855-05:00,-30.62,-30.52,-28.38
2019-08-06T15:03:03.341-05:00,-30.73,-30.52,-28.38
2019-08-06T15:03:03.879-05:00,-30.73,-30.52,-28.38
2019-08-06T15:03:03.883-05:00,-30.73,-30.52,-28.38
2019-08-06T15:03:03.885-05:00,-30.62,-30.52,-28.38
2019-08-06T18:59:20.880-05:00,-35.45,-35.95,-28.05
2019-08-06T20:59:47.130-05:00,-39.74,-40.32,-27.73
2019-08-06T23:00:16.280-05:00,-43.3,-43.14,-26.98
2019-08-07T05:59:49.871-05:00,-54.9,-50.08,-25.98
2019-08-07T06:21:34.000-05:00,-57.83,-51.38,-25.78
2019-08-07T08:33:18.000-05:00,-62.12,-53.48,-26.18
2019-08-07T10:45:08.000-05:00,-67.14,-56.72,-27.25
2019-08-07T12:57:18.000-05:00,-72.21,-60.09,-28.14
2019-08-07T15:09:45.000-05:00,-75.95,-62.51,-28.57
2019-08-07T17:22:17.000-05:00,-80.63,-63.21,-28.17
2019-08-07T19:23:21.000-05:00,-12.98,-12.13,-22.95
2019-08-07T21:47:38.000-05:00,-13.04,-11.73,-23.27
2019-08-07T23:59:32.000-05:00,-13.15,-12.07,-24.43
2019-08-08T02:11:24.000-05:00,-13.13,-13.32,-28.63
2019-08-08T04:23:37.000-05:00,-13.08,-15.66,-35.83
2019-08-08T06:35:23.000-05:00,-13.36,-18.49,-41.73
2019-08-08T08:47:09.000-05:00,-14.49,-22.01,-48.98
2019-08-08T10:59:03.000-05:00,-16.47,-25.97,-54.01
2019-08-08T12:59:05.000-05:00,-18.69,-30.59,-57.77
2019-08-08T13:23:44.000-05:00,-18.69,-30.7,-57.52
2019-08-08T13:23:47.000-05:00,-18.69,-30.59,-57.52
2019-08-08T13:23:49.000-05:00,-18.69,-30.59,-57.52
2019-08-08T13:23:51.000-05:00,-18.69,-30.59,-57.52
2019-08-08T13:32:02.000-05:00,-18.85,-30.96,-57.84
2019-08-08T13:32:07.000-05:00,-18.85,-30.96,-57.6
2019-08-08T13:32:09.000-05:00,-18.92,-30.96,-57.84
2019-08-08T13:32:11.000-05:00,-18.92,-30.96,-57.6
2019-08-08T13:32:13.000-05:00,-18.85,-30.96,-57.84
2019-08-08T13:32:16.000-05:00,-18.85,-30.96,-57.84
2019-08-08T13:35:10.000-05:00,-18.92,-30.96,-57.84
2019-08-08T13:35:12.000-05:00,-18.92,-30.96,-57.84
2019-08-08T13:35:23.000-05:00,-18.92,-31.07,-57.84
2019-08-08T13:35:28.000-05:00,-18.92,-31.07,-57.84
2019-08-08T13:35:30.000-05:00,-18.92,-31.07,-57.84
2019-08-08T13:35:33.000-05:00,-18.92,-31.07,-57.84
2019-08-08T13:40:03.000-05:00,-19.01,-31.23,-57.92
2019-08-08T13:40:05.000-05:00,-19.01,-31.23,-57.92
2019-08-08T13:40:07.000-05:00,-18.95,-31.23,-57.92
2019-08-08T13:40:09.000-05:00,-18.98,-31.18,-57.84
2019-08-08T13:40:10.000-05:00,-18.98,-31.18,-57.84
2019-08-08T13:40:22.000-05:00,-19.01,-31.23,-57.92
2019-08-08T13:40:30.000-05:00,-19.01,-31.23,-57.92
2019-08-08T13:41:03.000-05:00,-19.05,-31.18,-57.84
2019-08-08T13:42:14.000-05:00,-19.08,-31.23,-57.92
2019-08-08T13:42:16.000-05:00,-19.08,-31.34,-57.92
2019-08-08T13:42:18.000-05:00,-19.08,-31.34,-57.92
2019-08-08T13:42:20.000-05:00,-19.08,-31.23,-57.92
2019-08-08T13:42:23.000-05:00,-19.08,-31.34,-57.92
2019-08-08T13:42:25.000-05:00,-19.08,-31.34,-57.92
2019-08-08T15:52:07.000-05:00,-21.6,-35.56,-59.08
2019-08-08T18:04:43.000-05:00,-23.75,-39.13,-58.83
2019-08-08T20:17:00.000-05:00,-25.56,-41.27,-57.61
2019-08-08T22:29:34.000-05:00,-27.35,-42.96,-56.56
2019-08-09T00:41:32.000-05:00,-28.98,-44.26,-55.29
2019-08-09T02:53:28.000-05:00,-30.58,-45.55,-54.29
2019-08-09T05:05:24.000-05:00,-32.12,-46.63,-53.46
2019-08-09T09:29:16.000-05:00,-35.77,-50.83,-52.32
2019-08-09T11:41:23.000-05:00,-38.28,-53.13,-52.69
2019-08-09T13:18:19.000-05:00,-40.44,-54.83,-52.82
2019-08-09T13:18:21.000-05:00,-40.44,-55.05,-52.82
2019-08-09T13:18:23.000-05:00,-40.44,-55.05,-52.82
2019-08-09T13:18:25.000-05:00,-40.44,-54.83,-52.82
2019-08-09T13:21:14.000-05:00,-40.44,-55.05,-52.82
2019-08-09T13:21:26.000-05:00,-40.44,-55.05,-52.82
2019-08-09T13:21:32.000-05:00,-40.44,-55.05,-52.82
2019-08-09T13:21:38.000-05:00,-40.59,-55.05,-52.82
2019-08-09T13:21:40.000-05:00,-40.44,-54.83,-52.82
2019-08-09T13:21:42.000-05:00,-40.59,-55.05,-52.82
2019-08-09T13:23:13.000-05:00,-40.59,-55.05,-53.04
2019-08-09T13:23:44.000-05:00,-40.59,-55.05,-52.82
2019-08-09T13:23:50.000-05:00,-40.59,-55.05,-52.82
2019-08-09T13:23:56.000-05:00,-40.59,-55.05,-52.82
2019-08-09T13:24:03.000-05:00,-40.59,-54.83,-52.82
2019-08-09T13:24:05.000-05:00,-40.59,-55.05,-52.82
2019-08-09T13:26:13.000-05:00,-40.59,-55.05,-52.82
2019-08-09T13:26:15.000-05:00,-40.59,-55.05,-52.82
2019-08-09T13:26:17.000-05:00,-40.59,-55.05,-52.82
2019-08-09T13:26:19.000-05:00,-40.59,-55.05,-52.82
2019-08-09T13:26:21.000-05:00,-40.59,-55.05,-52.82
2019-08-09T13:26:23.000-05:00,-40.59,-55.05,-52.82
2019-08-09T13:38:45.000-05:00,-40.89,-55.28,-52.6
2019-08-09T13:38:50.000-05:00,-40.89,-55.05,-52.6
2019-08-09T13:38:52.000-05:00,-40.89,-55.05,-52.82
2019-08-09T13:38:54.000-05:00,-40.96,-55.13,-52.89
2019-08-09T13:38:57.000-05:00,-40.89,-55.05,-52.6
2019-08-09T13:38:59.000-05:00,-40.89,-55.28,-52.82
2019-08-09T13:55:32.000-05:00,-41.26,-55.36,-52.67
2019-08-09T13:56:13.000-05:00,-41.26,-55.36,-52.67
2019-08-09T13:56:15.000-05:00,-41.26,-55.36,-52.67
2019-08-09T13:56:18.000-05:00,-41.19,-55.28,-52.6
2019-08-09T13:56:20.000-05:00,-41.26,-55.36,-52.67
2019-08-09T13:56:22.000-05:00,-41.26,-55.36,-52.67
2019-08-09T14:36:53.000-05:00,-42.09,-55.9,-51.67
2019-08-09T14:36:55.000-05:00,-42.09,-55.9,-51.67
2019-08-09T14:36:57.000-05:00,-42.09,-55.9,-52.53
2019-08-09T14:36:59.000-05:00,-42.25,-56.13,-51.67
2019-08-09T14:37:01.000-05:00,-42.09,-55.9,-51.67
2019-08-09T14:37:03.000-05:00,-42.09,-55.9,-51.67
2019-08-09T17:12:43.000-05:00,-45.28,-57.81,-50.4
2019-08-09T19:13:32.000-05:00,-47.01,-58.83,-48.86
2019-08-09T21:25:46.000-05:00,-48.13,-59.43,-47.21
2019-08-09T23:37:51.000-05:00,-50.2,-59.61,-45.89
2019-08-10T01:49:49.000-05:00,-51.51,-59.69,-44.82
2019-08-10T04:01:44.000-05:00,-52.66,-59.78,-44
2019-08-10T06:13:40.000-05:00,-53.84,-60.12,-43.36
2019-08-10T08:25:36.000-05:00,-55.54,-60.73,-43.38
2019-08-10T10:37:37.000-05:00,-57.69,-61.78,-43.54
2019-08-10T12:44:37.000-05:00,-60.84,-64.34,-44.71
2019-08-10T14:45:10.000-05:00,-64.28,-66.27,-45.07
2019-08-10T16:57:48.000-05:00,-37.91,-67.32,-44.23
2019-08-10T19:10:05.000-05:00,-44.66,-68.24,-43.51
2019-08-10T21:22:21.000-05:00,-49.45,-67.71,-42.16
2019-08-10T23:34:28.000-05:00,-55.23,-67.33,-41.36
2019-08-11T01:46:29.000-05:00,-59.1,-67.05,-40.5
2019-08-11T03:46:31.000-05:00,-61.7,-66.47,-39.81
2019-08-11T03:46:31.000-05:00,-61.7,-66.47,-39.81
2019-08-11T06:10:23.000-05:00,-63.88,-65.89,-38.99
2019-08-11T08:10:25.000-05:00,-66.67,-66.96,-39.36
2019-08-11T10:34:13.000-05:00,-69.93,-69.62,-40.46
2019-08-11T10:46:59.000-05:00,-69.93,-69.31,-40.31
2019-08-11T10:47:05.000-05:00,-69.93,-69.31,-40.46
2019-08-11T10:47:07.000-05:00,-69.93,-69.31,-40.46
2019-08-11T12:47:46.000-05:00,-73.9,-71.61,-41.13
2019-08-11T13:00:47.000-05:00,-73.9,-71.61,-41.13
2019-08-11T13:00:52.000-05:00,-73.9,-71.61,-41.13
2019-08-11T13:00:59.000-05:00,-73.9,-71.61,-41.13
2019-08-11T13:01:05.000-05:00,-73.9,-71.61,-41.13
2019-08-11T13:01:07.000-05:00,-73.9,-71.61,-41.13
2019-08-11T13:12:51.000-05:00,-74.34,-71.71,-41.2
2019-08-11T13:13:25.000-05:00,-74.34,-71.71,-41.2
2019-08-11T13:13:50.000-05:00,-74.34,-71.71,-41.2
2019-08-11T13:17:03.000-05:00,-74.44,-71.8,-41.27
2019-08-11T13:17:05.000-05:00,-74.78,-71.8,-41.27
2019-08-11T13:17:07.000-05:00,-74.44,-71.8,-41.27
2019-08-11T13:38:22.000-05:00,-75.22,-72.22,-41.34
2019-08-11T13:38:24.000-05:00,-75.22,-72.22,-41.34
2019-08-11T13:38:26.000-05:00,-75.12,-72.13,-41.27
2019-08-11T13:38:28.000-05:00,-75.12,-72.13,-41.27
2019-08-11T13:38:30.000-05:00,-75.22,-72.22,-41.34
2019-08-11T13:38:32.000-05:00,-75.12,-71.8,-41.27
2019-08-11T16:08:48.000-05:00,-79.22,-73.3,-40.96
2019-08-11T16:08:54.000-05:00,-79.22,-73.64,-41.11
2019-08-11T16:08:56.000-05:00,-79.22,-73.3,-40.96
2019-08-11T16:08:58.000-05:00,-79.22,-73.3,-41.11
2019-08-11T16:09:00.000-05:00,-79.22,-73.3,-41.11
2019-08-11T16:09:02.000-05:00,-79.22,-73.3,-40.96
2019-08-11T16:29:00.000-05:00,-79.74,-73.44,-40.82
2019-08-11T16:29:02.000-05:00,-79.74,-73.44,-40.82
2019-08-11T16:29:06.000-05:00,-79.74,-73.44,-40.97
2019-08-11T16:29:08.000-05:00,-79.74,-73.44,-40.97
2019-08-11T16:29:10.000-05:00,-79.74,-73.44,-40.82
2019-08-11T16:29:12.000-05:00,-79.74,-73.44,-40.97
2019-08-11T17:32:19.000-05:00,-81.02,-73.57,-40.68
2019-08-11T17:32:21.000-05:00,-81.02,-73.57,-40.53
2019-08-11T17:32:23.000-05:00,-81.02,-73.57,-40.68
2019-08-11T17:32:25.000-05:00,-81.02,-73.9,-40.68
2019-08-11T17:32:27.000-05:00,-81.4,-73.9,-40.68
2019-08-11T17:32:29.000-05:00,-81.4,-73.9,-40.68
2019-08-11T18:49:22.000-05:00,-82.61,-74.27,-40.32
2019-08-11T18:49:24.000-05:00,-82.61,-74.27,-40.32
2019-08-11T18:49:26.000-05:00,-83,-74.27,-40.32
2019-08-11T18:49:28.000-05:00,-83,-74.27,-40.32
2019-08-11T18:49:30.000-05:00,-83,-74.27,-40.32
2019-08-11T18:49:32.000-05:00,-82.61,-74.27,-40.32
2019-08-11T19:06:20.000-05:00,-82.88,-74.17,-40.25
2019-08-11T19:06:23.000-05:00,-82.88,-74.17,-40.25
2019-08-11T19:06:27.000-05:00,-83.28,-74.17,-40.25
2019-08-11T19:06:30.000-05:00,-83.28,-74.17,-40.25
2019-08-11T19:06:32.000-05:00,-83.16,-74.07,-40.19
2019-08-11T19:06:34.000-05:00,-82.88,-74.17,-40.25
2019-08-11T19:25:32.000-05:00,-83.44,-74.3,-40.12
2019-08-11T19:25:34.000-05:00,-83.44,-74.3,-39.97
2019-08-11T19:25:36.000-05:00,-83.05,-74.3,-39.97
2019-08-11T19:25:38.000-05:00,-83.33,-74.2,-39.91
2019-08-11T19:25:40.000-05:00,-83.44,-74.3,-40.12
2019-08-11T19:25:42.000-05:00,-83.33,-74.2,-40.05
2019-08-11T21:51:08.000-05:00,-84.28,-73.57,-38.52
2019-08-11T21:51:13.000-05:00,-84.28,-73.57,-38.52
2019-08-11T21:51:18.000-05:00,-84.28,-73.57,-38.52
2019-08-11T21:51:23.000-05:00,-84.28,-73.57,-38.52
2019-08-11T21:51:28.000-05:00,-84.28,-73.57,-38.52
2019-08-11T21:51:33.000-05:00,-84.28,-73.57,-38.52
2019-08-11T23:53:35.000-05:00,-85.38,-73.07,-37.56
2019-08-11T23:53:40.000-05:00,-85.38,-73.07,-37.69
2019-08-11T23:53:45.000-05:00,-85.38,-73.07,-37.69
2019-08-11T23:53:50.000-05:00,-85.38,-73.07,-37.69
2019-08-11T23:53:56.000-05:00,-85.38,-73.07,-37.69
2019-08-11T23:54:01.000-05:00,-84.97,-73.07,-37.69
2019-08-12T01:58:24.000-05:00,-86.33,-72.77,-36.88
2019-08-12T01:58:29.000-05:00,-86.33,-72.77,-36.88
2019-08-12T01:58:34.000-05:00,-86.33,-72.77,-36.88
2019-08-12T01:58:39.000-05:00,-86.33,-72.77,-36.88
2019-08-12T01:58:44.000-05:00,-86.33,-72.77,-36.88
2019-08-12T01:58:49.000-05:00,-86.33,-72.77,-36.88
2019-08-12T02:26:50.000-05:00,-86.62,-72.66,-36.82
2019-08-12T02:26:55.000-05:00,-86.62,-72.66,-36.82
2019-08-12T02:27:00.000-05:00,-86.62,-72.66,-36.82
2019-08-12T02:27:05.000-05:00,-86.62,-72.66,-36.82
2019-08-12T02:27:10.000-05:00,-86.62,-72.66,-36.82
2019-08-12T02:27:15.000-05:00,-86.62,-72.66,-36.82
2019-08-12T02:34:24.000-05:00,-86.49,-72.55,-36.76
2019-08-12T02:34:29.000-05:00,-87.05,-72.99,-36.82
2019-08-12T02:34:34.000-05:00,-86.49,-72.55,-36.76
2019-08-12T02:34:39.000-05:00,-86.92,-72.55,-36.76
2019-08-12T02:34:47.000-05:00,-86.92,-72.55,-36.76
2019-08-12T02:34:52.000-05:00,-86.92,-72.55,-36.76
2019-08-12T02:43:31.000-05:00,-86.92,-72.88,-36.63
2019-08-12T02:43:36.000-05:00,-86.92,-72.55,-36.76
2019-08-12T02:43:41.000-05:00,-86.92,-72.55,-36.76
2019-08-12T02:43:46.000-05:00,-86.92,-72.55,-36.76
2019-08-12T02:43:51.000-05:00,-86.92,-72.55,-36.76
2019-08-12T02:43:56.000-05:00,-86.92,-72.55,-36.76
2019-08-12T03:09:47.000-05:00,-87.09,-72.66,-36.51
2019-08-12T03:09:52.000-05:00,-87.09,-72.66,-36.51
2019-08-12T03:09:58.000-05:00,-87.09,-72.66,-36.51
2019-08-12T03:10:03.000-05:00,-87.09,-72.33,-36.64
2019-08-12T03:10:11.000-05:00,-87.09,-72.66,-36.64
2019-08-12T03:10:16.000-05:00,-87.09,-72.66,-36.51
2019-08-12T03:21:41.000-05:00,-87.09,-72.66,-36.51
2019-08-12T03:21:49.000-05:00,-87.09,-72.66,-36.51
2019-08-12T03:21:54.000-05:00,-87.09,-72.66,-36.64
2019-08-12T03:21:59.000-05:00,-87.09,-72.66,-36.51
2019-08-12T03:22:04.000-05:00,-87.52,-72.66,-36.51
2019-08-12T03:22:09.000-05:00,-86.95,-72.55,-36.45
2019-08-12T03:29:42.000-05:00,-86.95,-72.55,-36.45
2019-08-12T03:29:48.000-05:00,-87.38,-72.55,-36.45
2019-08-12T03:29:53.000-05:00,-86.95,-72.55,-36.45
2019-08-12T03:29:58.000-05:00,-86.95,-72.55,-36.45
2019-08-12T03:30:03.000-05:00,-86.95,-72.55,-36.45
2019-08-12T03:30:08.000-05:00,-86.95,-72.55,-36.45
2019-08-12T03:42:05.000-05:00,-87.38,-72.55,-36.45
2019-08-12T03:42:10.000-05:00,-87.38,-72.55,-36.45
2019-08-12T03:42:15.000-05:00,-87.25,-72.44,-36.39
2019-08-12T03:42:20.000-05:00,-87.38,-72.55,-36.45
2019-08-12T03:42:25.000-05:00,-87.25,-72.44,-36.39
2019-08-12T03:42:30.000-05:00,-87.38,-72.55,-36.45
2019-08-12T03:45:51.000-05:00,-87.25,-72.44,-36.39
2019-08-12T03:45:56.000-05:00,-87.25,-72.44,-36.39
2019-08-12T03:46:01.000-05:00,-87.25,-72.44,-36.39
2019-08-12T03:46:06.000-05:00,-87.25,-72.44,-36.39
2019-08-12T03:46:11.000-05:00,-87.38,-72.55,-36.45
2019-08-12T03:46:16.000-05:00,-87.38,-72.55,-36.45
2019-08-12T03:57:09.000-05:00,-87.25,-72.44,-36.39
2019-08-12T03:57:14.000-05:00,-87.68,-72.44,-36.39
2019-08-12T03:57:19.000-05:00,-87.25,-72.44,-36.39
2019-08-12T03:57:24.000-05:00,-87.25,-72.44,-36.39
2019-08-12T03:57:29.000-05:00,-87.25,-72.44,-36.39
2019-08-12T03:57:34.000-05:00,-87.68,-72.44,-36.39
2019-08-12T04:08:54.000-05:00,-87.68,-72.44,-36.26
2019-08-12T04:08:59.000-05:00,-87.68,-72.78,-36.39
2019-08-12T04:09:04.000-05:00,-87.68,-72.44,-36.26
2019-08-12T04:09:09.000-05:00,-87.68,-72.44,-36.39
2019-08-12T04:09:14.000-05:00,-87.68,-72.44,-36.39
2019-08-12T04:09:20.000-05:00,-87.68,-72.44,-36.26
2019-08-12T05:04:02.000-05:00,-87.85,-72.55,-36.14
2019-08-12T05:04:07.000-05:00,-87.72,-72.44,-36.21
2019-08-12T05:04:13.000-05:00,-87.85,-72.55,-36.14
2019-08-12T05:04:18.000-05:00,-88.29,-72.55,-36.14
2019-08-12T05:04:23.000-05:00,-87.85,-72.55,-36.14
2019-08-12T05:04:28.000-05:00,-87.85,-72.55,-36.14
2019-08-12T05:15:58.000-05:00,-88.15,-72.44,-36.08
2019-08-12T05:16:03.000-05:00,-88.15,-72.44,-36.08
2019-08-12T05:16:08.000-05:00,-88.15,-72.44,-36.08
2019-08-12T05:16:13.000-05:00,-88.15,-72.44,-36.08
2019-08-12T05:16:18.000-05:00,-88.15,-72.44,-36.08
2019-08-12T05:16:23.000-05:00,-88.15,-72.44,-36.08
2019-08-12T05:30:05.000-05:00,-88.15,-72.44,-36.08
2019-08-12T05:30:10.000-05:00,-88.15,-72.44,-36.08
2019-08-12T05:30:15.000-05:00,-88.15,-72.44,-36.08
2019-08-12T05:30:20.000-05:00,-88.15,-72.44,-36.08
2019-08-12T05:30:25.000-05:00,-88.15,-72.44,-36.08
2019-08-12T05:30:31.000-05:00,-88.15,-72.44,-36.08
2019-08-12T05:34:26.000-05:00,-88.15,-72.44,-36.08
2019-08-12T05:34:31.000-05:00,-88.6,-72.78,-36.08
2019-08-12T05:34:36.000-05:00,-88.46,-72.33,-36.03
2019-08-12T05:34:42.000-05:00,-88.15,-72.44,-36.08
2019-08-12T05:34:47.000-05:00,-88.15,-72.44,-36.08
2019-08-12T05:34:52.000-05:00,-88.15,-72.44,-36.08
2019-08-12T05:46:11.000-05:00,-88.02,-72.33,-36.03
2019-08-12T05:46:16.000-05:00,-88.46,-72.33,-36.03
2019-08-12T05:46:21.000-05:00,-88.46,-72.33,-35.9
2019-08-12T05:46:26.000-05:00,-88.46,-72.33,-36.03
2019-08-12T05:46:31.000-05:00,-88.46,-72.33,-36.03
2019-08-12T05:46:36.000-05:00,-88.46,-72.33,-36.03
2019-08-12T09:43:40.000-05:00,-93.43,-75.91,-37.13
2019-08-12T09:43:45.000-05:00,-93.43,-75.91,-37.13
2019-08-12T09:43:50.000-05:00,-93.43,-75.91,-37.13
2019-08-12T09:43:55.000-05:00,-93.91,-75.91,-37.13
2019-08-12T09:44:00.000-05:00,-93.43,-75.91,-37.13
2019-08-12T11:19:12.000-05:00,-96.37,-78.25,-38.25
2019-08-12T11:19:17.000-05:00,-96.86,-78.25,-38.25
2019-08-12T11:19:22.000-05:00,-96.86,-78.25,-38.25
2019-08-12T11:19:27.000-05:00,-96.86,-78.25,-38.25
2019-08-12T11:19:33.000-05:00,-96.86,-78.25,-38.25
2019-08-12T11:19:38.000-05:00,-96.86,-78.62,-38.11
2019-08-12T16:01:58.000-05:00,-104.57,-82.56,-39.41
2019-08-12T16:02:03.000-05:00,-104.57,-82.56,-39.41
2019-08-12T16:02:05.000-05:00,-104.57,-82.56,-39.41
2019-08-12T16:02:07.000-05:00,-104.57,-82.56,-39.41
2019-08-12T16:02:09.000-05:00,-104.57,-82.56,-39.41
2019-08-12T16:37:18.000-05:00,-105.11,-82.95,-39.41
2019-08-12T16:37:20.000-05:00,-105.51,-82.84,-39.34
2019-08-12T16:37:22.000-05:00,-105.51,-82.84,-39.34
2019-08-12T16:37:24.000-05:00,-105.51,-82.84,-39.34
2019-08-12T16:37:26.000-05:00,-105.51,-82.84,-39.34
2019-08-12T16:37:28.000-05:00,-104.97,-82.84,-39.34
2019-08-12T17:54:19.000-05:00,-106.89,-83.01,-39.21
2019-08-12T17:54:21.000-05:00,-106.89,-83.01,-39.21
2019-08-12T17:54:23.000-05:00,-106.89,-83.01,-39.21
2019-08-12T17:54:25.000-05:00,-106.89,-83.4,-39.21
2019-08-12T17:54:27.000-05:00,-106.89,-83.01,-39.21
2019-08-12T17:54:29.000-05:00,-106.89,-83.01,-39.21
2019-08-12T18:31:27.000-05:00,-107.16,-83.17,-39.07
2019-08-12T18:31:29.000-05:00,-107.72,-83.17,-39.07
2019-08-12T18:31:31.000-05:00,-107.72,-83.17,-39.07
2019-08-12T18:31:33.000-05:00,-107.16,-83.17,-38.93
2019-08-12T18:31:35.000-05:00,-107.16,-83.17,-39.07
2019-08-12T18:31:37.000-05:00,-107.16,-83.17,-39.07
2019-08-12T20:39:55.000-05:00,-108.06,-82.86,-38.09
2019-08-12T20:40:00.000-05:00,-108.06,-82.86,-38.09
2019-08-12T20:40:05.000-05:00,-107.49,-82.86,-38.09
2019-08-12T20:40:10.000-05:00,-108.06,-82.86,-38.09
2019-08-12T20:40:15.000-05:00,-107.49,-82.86,-38.09
2019-08-12T20:40:20.000-05:00,-108.06,-82.86,-38.09
2019-08-12T21:23:17.000-05:00,-108.03,-82.79,-37.83
2019-08-12T21:23:22.000-05:00,-108.03,-82.79,-37.83
2019-08-12T21:23:27.000-05:00,-108.03,-82.79,-37.83
2019-08-12T21:23:32.000-05:00,-107.87,-82.68,-37.77
2019-08-12T21:23:37.000-05:00,-107.87,-82.68,-37.77
2019-08-12T21:23:42.000-05:00,-107.87,-82.68,-37.77
2019-08-12T22:47:05.000-05:00,-108.69,-82.37,-37.26
2019-08-12T22:47:10.000-05:00,-108.1,-82.76,-37.26
2019-08-12T22:47:15.000-05:00,-108.1,-82.37,-37.26
2019-08-12T22:47:20.000-05:00,-108.1,-82.76,-37.26
2019-08-12T22:47:26.000-05:00,-108.1,-82.76,-37.26
2019-08-12T22:47:31.000-05:00,-108.69,-82.37,-37.26
2019-08-13T04:09:41.000-05:00,-111.05,-82.94,-36.23
2019-08-13T04:09:49.000-05:00,-110.44,-82.94,-36.23
2019-08-13T04:09:54.000-05:00,-110.44,-82.94,-36.1
2019-08-13T04:09:59.000-05:00,-110.44,-82.94,-36.23
2019-08-13T07:25:29.000-05:00,-112.56,-83.9,-35.98
2019-08-13T07:25:37.000-05:00,-112.56,-83.9,-35.98
2019-08-13T07:25:42.000-05:00,-112.39,-83.78,-35.92
2019-08-13T07:25:47.000-05:00,-112.56,-83.9,-35.98
2019-08-13T07:25:52.000-05:00,-112.56,-83.5,-35.98
2019-08-13T07:25:57.000-05:00,-112.56,-83.9,-35.98
2019-08-13T07:26:02.000-05:00,-112.56,-83.9,-35.98
2019-08-13T07:44:23.000-05:00,-113.52,-84.15,-36.1
2019-08-13T07:44:28.000-05:00,-112.9,-84.15,-36.1
2019-08-13T07:44:33.000-05:00,-112.9,-84.15,-36.1
2019-08-13T07:44:38.000-05:00,-112.9,-84.15,-36.1
2019-08-13T07:44:43.000-05:00,-113.52,-84.15,-36.1
2019-08-13T07:44:49.000-05:00,-113.52,-84.15,-36.1
2019-08-13T07:51:21.000-05:00,-113.69,-84.27,-36.16
2019-08-13T07:51:26.000-05:00,-113.07,-84.27,-36.16
2019-08-13T07:51:31.000-05:00,-113.69,-84.27,-36.16
2019-08-13T07:51:36.000-05:00,-113.07,-84.27,-36.16
2019-08-13T07:51:41.000-05:00,-113.69,-84.27,-36.16
2019-08-13T07:51:46.000-05:00,-113.69,-84.27,-36.16
2019-08-13T16:48:29.000-05:00,-125.75,-93.81,-39.43
2019-08-13T16:48:32.000-05:00,-125.05,-93.35,-39.43
2019-08-13T16:48:34.000-05:00,-125.75,-93.81,-39.43
2019-08-14T08:36:03.000-05:00,-12.98,-11.15,-25.09
2019-08-14T14:24:52.000-05:00,-15.06,-14.9,-41.2
2019-08-14T14:24:54.000-05:00,-15.06,-14.9,-41.35
2019-08-14T14:24:56.000-05:00,-15.06,-14.9,-41.35
2019-08-14T14:24:58.000-05:00,-15.06,-14.9,-41.35
2019-08-14T14:25:11.000-05:00,-15.06,-14.9,-41.35
2019-08-14T16:57:15.000-05:00,-18.54,-17.96,-42.61
2019-08-14T16:57:17.000-05:00,-18.47,-17.96,-42.61
2019-08-14T16:58:11.000-05:00,-18.54,-18.02,-42.77
2019-08-14T17:37:28.000-05:00,-19.4,-18.87,-42.78
2019-08-14T17:37:37.000-05:00,-19.33,-18.87,-42.78
2019-08-14T17:37:42.000-05:00,-19.4,-18.87,-42.78
2019-08-14T17:37:48.000-05:00,-19.4,-18.87,-42.78
2019-08-14T17:37:53.000-05:00,-19.33,-18.87,-42.78
2019-08-14T17:37:59.000-05:00,-19.33,-18.87,-42.78
2019-08-14T23:03:06.000-05:00,-23.97,-24.81,-41.34
2019-08-14T23:03:14.000-05:00,-23.97,-24.81,-41.5
2019-08-14T23:03:19.000-05:00,-23.97,-24.81,-41.5
2019-08-14T23:03:25.000-05:00,-23.97,-24.81,-41.34
2019-08-14T23:03:30.000-05:00,-23.97,-24.81,-41.34
2019-08-14T23:03:36.000-05:00,-23.97,-24.81,-41.34
2019-08-14T23:03:41.000-05:00,-23.97,-24.81,-41.5
2019-08-15T01:26:17.000-05:00,-25.62,-27.16,-40.67
2019-08-15T01:26:25.000-05:00,-25.53,-27.16,-40.67
2019-08-15T01:26:30.000-05:00,-25.53,-27.16,-40.67
2019-08-15T01:26:35.000-05:00,-25.53,-27.16,-40.67
2019-08-15T01:26:40.000-05:00,-25.53,-27.25,-40.67
2019-08-15T01:26:45.000-05:00,-25.53,-27.16,-40.52
2019-08-15T03:46:30.000-05:00,-27.1,-29.44,-39.99
2019-08-15T03:46:38.000-05:00,-27.05,-29.48,-39.91
2019-08-15T03:46:44.000-05:00,-27,-29.44,-39.84
2019-08-15T03:46:49.000-05:00,-27.05,-29.48,-39.91
2019-08-15T03:46:54.000-05:00,-27.1,-29.44,-39.99
2019-08-15T03:46:59.000-05:00,-27,-29.44,-39.99
2019-08-15T06:12:03.000-05:00,-28.47,-31.6,-39.33
2019-08-15T06:12:10.000-05:00,-28.37,-31.49,-39.18
2019-08-15T06:12:16.000-05:00,-28.47,-31.49,-39.33
2019-08-15T06:12:22.000-05:00,-28.47,-31.6,-39.18
2019-08-15T06:12:27.000-05:00,-28.37,-31.49,-39.18
2019-08-15T08:25:31.000-05:00,-30.27,-34.11,-39.7
2019-08-15T08:25:39.000-05:00,-30.27,-34.11,-39.55
2019-08-15T08:25:45.000-05:00,-30.27,-34.11,-39.55
2019-08-15T08:25:50.000-05:00,-30.27,-34.11,-39.7
2019-08-15T08:25:56.000-05:00,-30.27,-34.11,-39.55
2019-08-17T17:24:01.000-05:00,-96.83,-88.57,-39.69
2019-08-17T18:19:39.000-05:00,-98.04,-89.19,-39.56
2019-08-17T18:19:46.000-05:00,-97.9,-89.06,-39.49
2019-08-17T18:19:52.000-05:00,-98.04,-89.62,-39.56
2019-08-17T18:19:57.000-05:00,-98.04,-89.19,-39.42
2019-08-17T22:21:51.000-05:00,-100.24,-89.15,-37.45
2019-08-17T22:22:00.000-05:00,-99.87,-89.29,-37.51
2019-08-17T22:22:06.000-05:00,-100.39,-89.29,-37.51
2019-08-17T22:22:14.000-05:00,-99.87,-89.29,-37.51
2019-08-18T01:13:19.000-05:00,-101.6,-89.76,-36.59
2019-08-18T01:13:27.000-05:00,-101.6,-89.76,-36.59
2019-08-18T01:13:33.000-05:00,-101.6,-89.76,-36.59
2019-08-18T01:13:38.000-05:00,-101.6,-89.76,-36.59
2019-08-18T03:51:50.000-05:00,-103.06,-90.46,-36.13
2019-08-18T03:51:58.000-05:00,-102.67,-90.15,-36.05
2019-08-18T06:07:59.000-05:00,-104.25,-91.42,-35.82
2019-08-18T06:08:08.000-05:00,-104.41,-91.1,-35.88
2019-08-18T06:08:14.000-05:00,-104.41,-91.1,-35.88
2019-08-18T06:08:19.000-05:00,-104.41,-91.1,-35.88
2019-08-18T06:08:24.000-05:00,-104.41,-91.1,-35.88
2019-08-18T06:14:07.000-05:00,-104.41,-91.1,-35.88
2019-08-18T06:14:15.000-05:00,-104.41,-91.1,-35.88
2019-08-18T06:14:21.000-05:00,-103.68,-90.95,-35.82
2019-08-18T06:14:27.000-05:00,-104.25,-91.42,-35.82
2019-08-18T06:14:32.000-05:00,-104.41,-91.1,-35.88
2019-08-18T06:14:38.000-05:00,-104.98,-91.1,-35.88
2019-08-18T06:15:18.000-05:00,-104.25,-90.95,-35.69
2019-08-18T06:15:23.000-05:00,-104.25,-90.95,-35.82
2019-08-18T06:15:28.000-05:00,-104.41,-91.1,-35.88
2019-08-18T06:15:39.000-05:00,-104.25,-90.95,-35.82
2019-08-18T08:48:46.000-05:00,-108.63,-94.67,-36.63
2019-08-18T08:48:55.000-05:00,-108.63,-94.67,-36.63
2019-08-18T08:49:01.000-05:00,-108.63,-94.67,-36.76
2019-08-18T08:49:06.000-05:00,-108.63,-94.67,-36.76
2019-08-18T19:12:32.000-05:00,-126.13,-104.69,-39.21
2019-08-18T19:12:34.000-05:00,-126.13,-104.69,-39.21
2019-08-18T19:12:37.000-05:00,-125.41,-104.69,-39.21
2019-08-18T19:12:40.000-05:00,-125.41,-104.69,-39.21
2019-08-18T19:12:42.000-05:00,-125.41,-104.69,-39.21
2019-08-18T19:12:45.000-05:00,-125.41,-104.69,-39.21
2019-08-18T19:12:47.000-05:00,-125.41,-104.69,-39.21
2019-08-18T19:18:20.000-05:00,-125.95,-104.55,-39.14
2019-08-18T19:18:22.000-05:00,-125.95,-104.55,-39.14
2019-08-18T19:18:25.000-05:00,-125.95,-104.55,-39.14
2019-08-18T19:18:27.000-05:00,-125.95,-104.55,-39.14
2019-08-18T19:18:30.000-05:00,-125.95,-104,-39.14
2019-08-18T19:18:32.000-05:00,-125.95,-104.55,-39.14
2019-08-18T21:47:25.000-05:00,,-58.05,
2019-08-19T17:57:29.374-05:00,-12.81,-11.2,-44.09
2019-08-19T17:57:29.777-05:00,-12.81,-11.2,-44.09
2019-08-19T17:57:30.238-05:00,-12.86,-11.2,-44.09
2019-08-19T17:57:30.244-05:00,-12.81,-11.2,-44.26
2019-08-19T17:57:30.246-05:00,-12.81,-11.2,-44.26
2019-08-19T17:57:30.622-05:00,-12.81,-11.2,-44.26
2019-08-19T18:00:40.000-05:00,-12.53,-11.35,-44.71
2019-08-19T18:00:46.000-05:00,-12.49,-11.35,-44.71
2019-08-19T18:00:51.000-05:00,-12.53,-11.35,-44.88
2019-08-19T18:00:56.000-05:00,-12.53,-11.35,-44.88
2019-08-19T18:01:02.000-05:00,-12.53,-11.35,-44.88
2019-08-19T18:01:10.000-05:00,-12.53,-11.35,-44.88
2019-08-19T18:03:56.000-05:00,-12.47,-11.42,-45.67
2019-08-19T18:04:02.000-05:00,-12.45,-11.4,-45.77
2019-08-19T18:04:07.000-05:00,-12.43,-11.39,-45.69
2019-08-19T18:04:13.000-05:00,-12.43,-11.39,-45.69
2019-08-19T18:04:18.000-05:00,-12.43,-11.39,-45.69
2019-08-19T18:04:24.000-05:00,-12.43,-11.39,-45.69
2019-08-19T18:14:16.000-05:00,-12.39,-11.66,-50.7
2019-08-19T18:14:21.000-05:00,-12.34,-11.66,-50.91
2019-08-19T18:14:33.000-05:00,-12.34,-11.66,-50.91
2019-08-19T18:14:47.000-05:00,-12.37,-11.64,-51.04
2019-08-19T18:15:02.000-05:00,-12.34,-11.71,-50.91
2019-08-19T18:15:12.000-05:00,-12.37,-11.69,-51.04
2019-08-19T18:18:50.000-05:00,-12.37,-11.78,-52.77
2019-08-19T18:18:59.000-05:00,-12.37,-11.82,-52.77
2019-08-19T18:19:04.000-05:00,-12.33,-11.78,-52.99
2019-08-19T18:19:10.000-05:00,-12.33,-11.82,-52.99
2019-08-19T18:19:15.000-05:00,-12.33,-11.82,-53.21
2019-08-19T18:19:21.000-05:00,-12.33,-11.78,-52.99
2019-08-19T20:32:13.000-05:00,-12.83,-17.04,-54.66
2019-08-19T20:32:21.000-05:00,-12.83,-17.04,-54.66
2019-08-19T20:32:26.000-05:00,-12.78,-17.04,-54.43
2019-08-19T22:44:40.000-05:00,-12.59,-13.16,-59
2019-08-19T22:44:48.000-05:00,-12.59,-13.11,-59
2019-08-19T22:44:53.000-05:00,-12.59,-13.11,-59
2019-08-19T22:44:58.000-05:00,-12.59,-13.11,-59
2019-08-20T03:09:48.000-05:00,-12.8,-11.7,-31.6
2019-08-20T03:09:57.000-05:00,-12.8,-11.7,-31.49
2019-08-20T07:39:20.000-05:00,-12.91,-11.35,-24.24
2019-08-20T07:39:28.000-05:00,-12.88,-11.37,-24.28
2019-08-20T07:39:33.000-05:00,-12.88,-11.37,-24.28
2019-08-20T07:39:38.000-05:00,-12.88,-11.37,-24.28
2019-08-20T07:39:43.000-05:00,-12.88,-11.37,-24.28
2019-08-20T07:39:48.000-05:00,-12.88,-11.37,-24.28
2019-08-20T19:15:15.000-05:00,-14.14,-13.93,-32
2019-08-20T19:15:24.000-05:00,-14.14,-13.98,-32
2019-08-20T19:15:29.000-05:00,-14.19,-13.93,-32
2019-08-20T19:15:35.000-05:00,-14.19,-13.93,-32
2019-08-20T21:47:47.000-05:00,-14.05,-15.44,-35.18
2019-08-20T21:47:55.000-05:00,-14.05,-15.39,-35.06
2019-08-20T21:48:00.000-05:00,-14.05,-15.44,-35.18
2019-08-22T17:42:50.000-05:00,-14.24,-17.75,-38.65
2019-08-22T17:42:50.000-05:00,-14.03,-16.67,-37.3
2019-08-22T17:42:51.000-05:00,-15.64,-19.35,-40.67
2019-08-22T17:42:51.000-05:00,-14.81,-18.56,-39.91
2019-08-22T17:42:52.000-05:00,-39.97,-38.55,-42.08
2019-08-22T20:17:08.000-05:00,-40.49,-38.75,-40.78
2019-08-22T20:17:11.000-05:00,-40.49,-38.75,-40.78
2019-08-22T20:17:16.000-05:00,-40.49,-38.75,-40.78
2019-08-22T20:17:22.000-05:00,-40.49,-38.75,-40.78
2019-08-23T00:47:07.000-05:00,-41.63,-38.97,-39.4
2019-08-23T00:47:15.000-05:00,-41.63,-38.83,-39.4
2019-08-23T00:47:21.000-05:00,-41.63,-38.83,-39.4
2019-08-23T00:47:26.000-05:00,-41.63,-38.83,-39.4
2019-08-23T00:47:32.000-05:00,-41.63,-38.97,-39.54
2019-08-23T00:47:37.000-05:00,-41.63,-38.97,-39.4
2019-08-23T05:11:37.000-05:00,-42.63,-39.01,-38.59
2019-08-23T05:11:45.000-05:00,-42.63,-39.01,-38.59
2019-08-23T05:11:51.000-05:00,-42.63,-39.01,-38.59
2019-08-23T05:11:56.000-05:00,-42.63,-39.01,-38.59
2019-08-23T05:12:01.000-05:00,-42.63,-39.01,-38.59
2019-08-24T08:15:47.000-05:00,-58.92,-47.36,-37.03
2019-08-24T08:15:58.000-05:00,-58.92,-47.36,-37.03
2019-08-25T10:15:07.000-05:00,-73.98,-57.51,-36.69
2019-08-26T12:36:07.000-05:00,-12.8,-11.61,-16.94
2019-08-27T03:56:12.000-05:00,-12.45,-11.15,-49.15
2019-08-27T03:56:23.000-05:00,-12.45,-11.15,-48.95
2019-08-27T03:56:28.000-05:00,-12.45,-11.15,-48.95
2019-08-27T03:56:33.000-05:00,-12.45,-11.1,-48.95
2019-08-29T09:03:53.000-05:00,-13.95,-11.69,-13.02
