Date,Sensor1,Sensor2,Sensor3
5/24/2018 11:32,0,0,0
5/24/2018 11:38,0,0,0
5/24/2018 12:01,0,0,0
5/24/2018 13:02,0,0,0
5/24/2018 14:01,0,0,0
5/24/2018 15:02,0,0,0
5/24/2018 16:01,0,0,0
5/24/2018 16:56,0,0,0
5/24/2018 17:00,0,0,0
5/24/2018 17:06,0,0,0
5/24/2018 18:01,7.1,0,0
5/24/2018 19:00,11.9,0,0
5/24/2018 20:01,11.9,0,0
5/24/2018 21:02,13.4,0,0
5/24/2018 22:00,13.9,0,0
5/24/2018 23:01,14.2,2.8,0
5/25/2018 1:01,14.8,10.4,0
5/25/2018 2:02,15,11,0
5/25/2018 3:00,15.1,11.5,0
5/25/2018 5:00,15.5,12.2,0
5/25/2018 6:01,15.5,12.3,0
5/25/2018 7:02,15.7,12.5,0
5/25/2018 8:00,15.8,12.6,0
5/25/2018 9:01,15.8,12.7,0
5/25/2018 10:00,16,12.9,0
5/25/2018 11:01,16.1,12.9,0
5/25/2018 12:01,16.4,13,0
5/25/2018 13:00,16.4,13.4,0
5/25/2018 15:00,16.8,13.5,0
5/25/2018 16:01,17,13.7,0
5/25/2018 18:00,17.3,13.9,0
5/25/2018 19:01,11.4,12.8,0
5/25/2018 20:00,11,12.2,0
5/25/2018 21:01,12.9,13,0
5/25/2018 22:00,14,13.4,0
5/25/2018 23:01,14.4,13.4,0
5/26/2018 2:01,14.9,13.7,0
5/26/2018 3:00,15,13.8,0
5/26/2018 5:02,15.2,13.8,0
5/26/2018 6:01,15.2,13.8,0
5/26/2018 7:01,15.2,13.9,0
5/26/2018 8:00,15.4,13.9,0
5/26/2018 9:01,15.4,13.9,0
5/26/2018 10:00,15.4,13.9,0
5/26/2018 11:01,15.4,13.9,0
5/26/2018 12:02,15.4,13.9,0
5/26/2018 13:00,15.5,13.9,0.2
5/26/2018 14:01,15.6,14,0.2
5/26/2018 16:01,15.8,14.1,0.5
5/26/2018 17:00,15.9,14.1,0.5
5/26/2018 18:00,16.1,14.1,0.5
5/26/2018 19:01,16.2,14.2,0.5
5/26/2018 20:00,16.2,14.3,0.9
5/26/2018 21:01,16.3,14.2,0.9
5/26/2018 22:00,16.4,14.2,0.9
5/26/2018 23:01,16.4,14.2,1.2
5/27/2018 1:00,16.4,14.4,0.9
5/27/2018 2:01,16.5,14.2,1.2
5/27/2018 3:01,16.6,14.3,1.2
5/27/2018 4:00,16.7,14.3,1.5
5/27/2018 5:01,16.8,14.2,1.2
5/27/2018 6:00,16.8,14.2,1.8
5/27/2018 7:01,16.6,14.5,1.5
5/27/2018 8:02,17,14.4,1.5
5/27/2018 9:00,17,14.3,1.5
5/27/2018 10:01,17.1,14.4,1.5
5/27/2018 11:00,17.1,14.4,1.5
5/27/2018 12:01,17.1,14.5,1.8
5/27/2018 13:02,17.1,14.5,1.8
5/27/2018 14:00,17.1,14.5,2.2
5/27/2018 15:01,17.1,14.6,2.2
5/27/2018 16:00,17.3,14.6,1.8
5/27/2018 17:01,17.4,14.7,2.2
5/27/2018 18:00,17.6,14.8,2.2
5/27/2018 19:00,17.9,14.8,2.5
5/27/2018 20:01,17.7,14.7,2.2
5/27/2018 21:00,17.9,14.7,2.5
5/27/2018 22:01,17.9,14.6,2.8
5/27/2018 23:02,0,0,0
5/28/2018 0:00,0,0,0
5/28/2018 1:01,0,0,0
5/28/2018 2:00,0,0,0
5/28/2018 3:01,0,0,0
5/28/2018 4:00,0,0,0
5/28/2018 5:01,0,0,0
5/28/2018 6:01,1.2,1.8,0
5/28/2018 7:00,1.8,5.1,0
5/28/2018 8:01,4.5,8.1,0
5/28/2018 9:00,5.4,10.8,0
5/28/2018 10:01,7.4,11.2,0
5/28/2018 11:02,10.5,11.5,0
5/28/2018 12:00,11.1,11.7,0
5/28/2018 13:01,11.7,12,0.2
5/28/2018 14:00,12,12.1,0.5
5/28/2018 15:01,12.4,12.2,0.9
5/28/2018 16:02,12.6,12.4,1.2
5/28/2018 17:00,12.9,12.5,1.8
5/28/2018 18:01,13,12.7,1.8
5/28/2018 19:00,13.3,12.8,2.2
5/28/2018 20:01,13.4,12.9,2.2
5/28/2018 21:00,13.6,12.9,2.5
5/28/2018 22:01,13.7,12.9,2.8
5/28/2018 22:01,13.7,12.9,2.8
5/28/2018 23:02,13.8,13,3.1
5/29/2018 0:00,13.8,12.9,3.1
5/29/2018 1:01,13.9,13.1,3.1
5/29/2018 2:00,13.9,13,2.8
5/29/2018 3:01,14,13,3.5
5/29/2018 4:02,14.2,13.2,3.1
5/29/2018 5:00,14.2,13.2,3.5
5/29/2018 6:01,14.2,13.3,3.1
5/29/2018 7:00,14.3,13.2,3.5
5/29/2018 8:01,14.4,13.3,3.5
5/29/2018 9:02,14.5,13.3,3.8
5/29/2018 10:01,14.5,13.4,3.8
5/29/2018 11:01,14.5,13.4,3.5
5/29/2018 12:00,14.5,13.4,3.8
5/29/2018 13:01,14.4,13.4,4.1
5/29/2018 14:00,0,0,0
5/29/2018 15:01,0,0,0
5/29/2018 16:01,0,0,0
5/29/2018 17:00,0,0,0
5/29/2018 18:01,0.2,0,0
5/29/2018 19:00,0,0,0
5/29/2018 21:02,0,0,0
5/29/2018 22:00,1.2,0,0
5/29/2018 23:01,1.2,0,0
5/30/2018 0:00,0.5,0,0
5/30/2018 1:01,0.5,0,0
5/30/2018 2:02,0.5,0,0
5/30/2018 3:01,0.5,0,0
5/30/2018 4:01,0.5,0,0
5/30/2018 5:00,0.9,0,0
5/30/2018 6:01,0.2,0,0
5/30/2018 7:00,0.2,0,0
5/30/2018 8:01,0.2,0,0
5/30/2018 9:00,0.2,0,0
5/30/2018 10:01,0.5,0,0
5/30/2018 11:00,0.2,0,0
5/30/2018 12:01,0,0,0
5/30/2018 13:02,0,0,0
5/30/2018 14:01,0,0,0
5/30/2018 15:02,0,0,0
5/30/2018 16:01,0,0,0
5/30/2018 17:02,0,0,0
5/30/2018 18:01,0,0,0
5/30/2018 19:01,0,0,0
5/30/2018 20:00,0,0,0
5/30/2018 21:01,1.5,0,0
5/30/2018 22:00,2.8,0,0
5/30/2018 23:01,3.8,0,0
5/31/2018 0:00,4.8,0,0
5/31/2018 1:01,5.8,0,0
5/31/2018 2:00,2.2,0,0
5/31/2018 3:01,1.5,0,0
5/31/2018 4:00,1.2,0,0
5/31/2018 5:01,0.9,0,0
5/31/2018 6:02,0.5,0,0
5/31/2018 7:01,0.9,0,0
5/31/2018 8:02,0.5,0,0
5/31/2018 9:00,0.2,0,0
5/31/2018 10:01,0.2,0,0
5/31/2018 11:00,0.2,0,0
5/31/2018 12:01,0.2,0,0
5/31/2018 13:02,0,0,0
5/31/2018 14:00,0,0,0
5/31/2018 15:01,0.2,0,0
5/31/2018 16:00,0.2,0,0
5/31/2018 17:01,0.2,0,0
5/31/2018 18:00,0.5,0,0
5/31/2018 19:01,0.9,0,0
5/31/2018 20:00,0.9,0,0
5/31/2018 21:01,1.2,0,0
5/31/2018 22:00,1.2,0,0
5/31/2018 23:01,1.5,0,0
6/1/2018 0:02,1.5,0,0
6/1/2018 1:01,1.8,0,0
6/1/2018 2:01,2.2,0,0
6/1/2018 3:00,2.8,0,0
6/1/2018 4:01,2.5,0,0
6/1/2018 5:00,2.8,0,0
6/1/2018 6:01,3.1,0,0
6/1/2018 7:00,0.9,0,0
6/1/2018 8:01,0.9,0,0
6/1/2018 10:01,0.5,0,0
6/1/2018 11:00,0.5,0,0
6/1/2018 12:01,0.2,0,0
6/1/2018 13:02,0.2,0,0
6/1/2018 14:01,0.9,0,0
6/1/2018 15:02,1.2,0,0
6/1/2018 16:00,0.5,0,0
6/1/2018 17:01,0,0,0
6/1/2018 18:00,0.2,0,0
6/1/2018 19:01,0.2,0,0
6/1/2018 20:00,0,0,0
6/1/2018 21:01,0,0,0
6/1/2018 22:00,0,0,0
6/1/2018 23:01,0.5,0,0
6/2/2018 0:00,0,0,0
6/2/2018 1:01,0.2,0,0
6/2/2018 2:02,0,0,0
6/2/2018 3:00,0,0,0
6/2/2018 5:00,0,0,0
6/2/2018 6:01,0,0,0
6/2/2018 7:01,0,0,0
6/2/2018 8:00,0,0,0
6/2/2018 9:01,0,0,0
6/2/2018 10:00,0.2,0,0
6/2/2018 11:01,0.2,0,0
6/2/2018 12:00,0.2,0,0
6/2/2018 13:01,0.2,0,0
6/2/2018 14:02,1.8,0,0
6/2/2018 15:01,4.8,0,0
6/2/2018 16:02,8.4,0,0
6/2/2018 17:01,11.3,0,0
6/2/2018 18:01,12.1,0,0
6/2/2018 19:00,12.2,0,0
6/2/2018 20:01,12.1,0,0
6/2/2018 21:00,12,0,0
6/2/2018 22:01,12.2,0,0
6/2/2018 23:02,12,0,0
6/3/2018 0:01,12,0,0
6/3/2018 1:02,12.1,0,0
6/3/2018 2:00,12.1,0,0
6/3/2018 3:01,12.2,0,0
6/3/2018 4:00,12.1,0,0
6/3/2018 5:01,12.2,0,0
6/3/2018 6:00,12.3,0,0
6/3/2018 8:01,12.3,0,0
6/3/2018 9:00,12.4,0,0
6/3/2018 10:01,12.5,0,0
6/3/2018 11:00,12.7,0,0
6/3/2018 12:01,13.5,0,0
6/3/2018 13:00,13.2,0.5,0
6/3/2018 14:01,13.7,0.2,0
6/3/2018 15:00,14.3,0.9,0
6/3/2018 16:01,14.9,1.5,0
6/3/2018 17:00,15.3,2.2,0
6/3/2018 18:01,15.7,2.8,0
6/3/2018 19:00,15.9,3.5,0
6/3/2018 20:01,15.9,3.8,0
6/3/2018 21:02,15.7,3.8,0
6/3/2018 22:00,15.8,3.8,0
6/3/2018 23:01,15.8,4.5,0
6/4/2018 0:00,15.9,4.5,0
6/4/2018 2:01,15.9,4.8,0
6/4/2018 3:00,16,5.1,0
6/4/2018 4:01,16,5.1,0
6/4/2018 5:00,16.1,4.5,0
6/4/2018 6:01,16.2,5.8,0
6/4/2018 7:00,16.2,6.4,0
6/4/2018 8:01,16.3,6.4,0
6/4/2018 9:00,16.4,6.4,0
6/4/2018 11:00,17,7.4,0
6/4/2018 12:01,17.5,8.4,0
6/4/2018 13:02,18,10.6,0
6/4/2018 14:00,18.7,10.9,0
6/4/2018 15:01,19,11.2,0
6/4/2018 17:01,19.9,11.6,0
6/4/2018 18:00,20,11.8,0
6/4/2018 19:01,20.2,11.9,0
6/4/2018 20:00,20.2,12,0
6/4/2018 22:01,19.7,12,0
6/4/2018 23:00,19.8,11.9,0
6/5/2018 0:01,19.7,12,0
6/5/2018 1:00,19.7,12.1,0
6/5/2018 2:01,19.8,12,0
6/5/2018 3:02,19.8,12,0
6/5/2018 4:01,19.8,12,0
6/5/2018 5:02,19.9,12,0
6/5/2018 6:01,19.9,12,0
6/5/2018 7:02,20,12.1,0
6/5/2018 8:01,20,12.1,0
6/5/2018 9:02,20,12.2,0
6/5/2018 10:01,20,12.3,0
6/5/2018 11:02,20.4,12.3,0
6/5/2018 12:01,21,12.7,0
6/5/2018 13:01,21.6,12.9,0
6/5/2018 14:00,22.1,13.2,0
6/5/2018 15:01,22.3,13.4,0
6/5/2018 16:00,22.6,13.8,0
6/5/2018 17:01,22.9,13.9,0
6/5/2018 18:00,23.3,14.1,0
6/5/2018 19:01,23.4,14.2,0
6/5/2018 20:02,23.3,14.2,0
6/5/2018 21:01,23.1,14.2,0
6/5/2018 22:02,22.9,14,0
6/5/2018 23:01,22.8,14,0
6/6/2018 0:02,22.8,14,0
6/6/2018 1:00,22.9,14.1,0
6/6/2018 2:01,22.7,14,0
6/6/2018 3:00,22.8,14.1,0
6/6/2018 4:01,22.7,14,0
6/6/2018 5:00,22.9,14,0
6/6/2018 6:01,23.1,14.2,0
6/6/2018 7:00,23.1,14.2,0
6/6/2018 8:01,23,14.2,0
6/6/2018 10:01,23.2,14.4,0
6/6/2018 11:02,23.8,14.6,0
6/6/2018 12:01,24.6,15,0
6/6/2018 13:02,24.9,15.1,0
6/6/2018 14:00,25.5,15.5,0
6/6/2018 15:01,25.8,15.7,0
6/6/2018 16:00,26.5,16.1,0
6/6/2018 17:01,26.9,16.3,0
6/6/2018 17:36,27.3,16.4,0
6/6/2018 18:00,27.4,16.4,0
6/6/2018 18:02,27.9,16.5,0
6/6/2018 18:11,27.5,16.4,0
6/6/2018 19:00,28.8,16.5,0.2
6/6/2018 20:01,28.8,16.4,0.5
6/6/2018 21:02,28.5,16.4,0.5
6/6/2018 22:00,28.6,16.2,0.9
6/6/2018 23:01,28.5,16.1,0.9
6/7/2018 1:00,28,16,1.5
6/7/2018 2:01,28.1,16,1.2
6/7/2018 3:00,27.9,15.8,1.5
6/7/2018 5:01,27.6,15.9,1.5
6/7/2018 6:00,27.8,16,1.8
6/7/2018 7:01,27.7,16,2.2
6/7/2018 8:02,27.7,16.3,1.8
6/7/2018 9:00,27.8,16.3,2.2
6/7/2018 10:01,28.5,16.7,2.5
6/7/2018 11:00,29.5,17.1,2.8
6/7/2018 12:01,30.1,17.5,2.5
6/7/2018 13:01,30.6,17.8,3.1
6/7/2018 14:00,31.5,18.1,3.8
6/7/2018 15:01,32.1,18.4,4.1
6/7/2018 16:00,32.9,18.8,4.8
6/7/2018 17:01,33.8,19,5.1
6/7/2018 18:02,35,19,5.8
6/7/2018 19:00,35.7,19,5.1
6/7/2018 20:01,36.7,18.8,6.1
6/7/2018 21:00,37.4,18.5,6.8
6/7/2018 22:01,38.3,18.2,6.4
6/7/2018 23:02,38.9,18.1,6.4
6/8/2018 1:01,39.9,18,6.8
6/8/2018 2:02,40.7,17.9,6.8
6/8/2018 3:01,40.7,17.9,7.1
6/8/2018 4:01,40.9,17.9,7.1
6/8/2018 5:00,42,17.8,7.1
6/8/2018 6:01,41.3,17.8,7.4
6/8/2018 7:00,41.8,17.9,7.4
6/8/2018 8:01,41.6,18,7.8
6/8/2018 9:01,42,18,8.1
6/8/2018 10:00,41.6,18.8,8.4
6/8/2018 11:01,41.7,19.3,10.4
6/8/2018 12:00,41.8,19.8,10.4
6/8/2018 13:01,42,20.3,10.8
6/8/2018 14:02,42.5,20.6,10.8
6/8/2018 16:01,43.7,21.6,11
6/8/2018 17:02,44.1,21.9,11.2
6/8/2018 18:00,44.6,22,11.4
6/8/2018 19:01,45.6,21.9,11.4
6/8/2018 20:02,46,21.4,11.6
6/8/2018 21:00,48.5,21.1,11.5
6/8/2018 22:01,48.8,20.5,11.5
6/8/2018 23:00,50.2,20.6,11.5
6/9/2018 0:01,50.4,20.6,11.6
6/9/2018 1:02,51.2,20.4,11.6
6/9/2018 2:00,51.6,20.2,11.5
6/9/2018 3:01,52.6,20.2,11.6
6/9/2018 4:00,52.8,20.1,11.6
6/9/2018 4:00,52.8,20.1,11.6
6/9/2018 5:01,53.2,20,11.5
6/9/2018 6:02,53.7,20.3,11.6
6/9/2018 7:00,54.2,20,11.7
6/9/2018 8:01,54.5,20.1,11.7
6/9/2018 9:00,54.4,20.4,11.7
6/9/2018 10:01,54.5,21.2,11.9
6/9/2018 11:02,53.9,22.1,12.1
6/9/2018 12:00,53.6,22.6,12.2
6/9/2018 13:01,54.2,23.1,12.4
6/9/2018 14:00,53.9,23.6,12.5
6/9/2018 15:01,53.6,23.7,12.5
6/9/2018 16:02,53.7,23.9,12.7
6/9/2018 17:00,54.1,23.7,12.8
6/9/2018 18:01,55,23.3,12.7
6/9/2018 19:00,55.5,23.1,12.7
6/9/2018 20:01,55.2,23.1,12.8
6/9/2018 21:02,56.4,22.6,12.8
6/9/2018 22:00,56.5,22.4,12.8
6/9/2018 23:01,56.7,22.2,12.8
6/10/2018 0:00,57,22.3,12.8
6/10/2018 1:01,58.6,22,12.8
6/10/2018 2:02,58,22.1,12.9
6/10/2018 3:01,58.4,21.9,12.9
6/10/2018 4:01,59.6,21.7,12.9
6/10/2018 5:00,59.9,21.7,12.9
6/10/2018 6:01,60.3,21.6,12.9
6/10/2018 7:02,60.3,21.7,12.9
6/10/2018 8:00,60.8,21.6,13
6/10/2018 9:01,60.4,21.9,13
6/10/2018 10:00,60.3,22.6,13.1
6/10/2018 11:01,60.1,23.3,13.4
6/10/2018 12:00,59.4,24.2,13.4
6/10/2018 13:01,59.1,24.7,13.5
6/10/2018 14:01,58.7,25.4,13.7
6/10/2018 15:00,30.9,18.7,0
6/10/2018 16:01,23.9,17.5,0
6/10/2018 17:00,23.9,18.3,3.8
6/10/2018 18:01,23.5,19,11.6
6/10/2018 20:00,23.3,19.9,13.3
6/10/2018 21:01,23.1,20.3,13.4
6/10/2018 22:00,23.3,20.3,13.4
6/11/2018 0:02,23.3,20.5,13.7
6/11/2018 1:00,23.5,20.8,13.6
6/11/2018 2:01,24.3,20.6,13.7
6/11/2018 3:00,23.8,20.6,13.7
6/11/2018 5:02,24.1,20.8,13.8
6/11/2018 7:01,24.5,20.8,13.9
6/11/2018 8:00,24.6,20.8,13.9
6/11/2018 9:01,24.7,20.9,13.8
6/11/2018 10:01,25.1,21.3,13.9
6/11/2018 11:00,25.1,21.9,14
6/11/2018 12:01,25.4,22.4,14.2
6/11/2018 13:00,25.8,23,14.4
6/11/2018 14:01,26.3,23.8,14.5
6/11/2018 15:02,26.9,24.5,14.6
6/11/2018 16:00,27.4,25.1,14.7
6/11/2018 17:01,28.3,25.6,14.9
6/11/2018 18:00,29,25.9,15
6/11/2018 19:01,29.9,26.1,15
6/11/2018 20:02,30.8,26.1,15
6/11/2018 21:00,31.5,25.7,15
6/11/2018 22:01,32.9,25.2,15
6/11/2018 23:00,33,25.1,14.9
6/12/2018 0:01,33.9,25.2,14.9
6/12/2018 1:02,34.6,24.9,15
6/12/2018 2:00,35.7,24.5,15
6/12/2018 3:01,36.3,24.6,14.9
6/12/2018 5:00,37.4,24.3,14.9
6/12/2018 6:01,38,24.2,15
6/12/2018 7:00,38.5,24.3,15.1
6/12/2018 8:01,39.1,24.3,15.1
6/12/2018 9:00,39.6,24.5,15.1
6/12/2018 10:01,40,24.9,15.3
6/12/2018 11:02,40.3,25.7,15.5
6/12/2018 12:01,40.9,26.3,15.6
6/12/2018 13:01,41.1,26.8,15.7
6/12/2018 14:00,41.1,27.3,15.9
6/12/2018 15:01,42.2,27.5,15.9
6/12/2018 16:00,41.7,27.5,16.1
6/12/2018 17:01,22.5,27.5,15.9
6/12/2018 18:02,30.1,27.2,16
6/12/2018 19:00,31.7,26.9,15.8
6/12/2018 20:01,32.4,26.4,15.8
6/12/2018 21:00,32.2,26.3,15.8
6/12/2018 23:02,29.8,25.8,15.8
6/13/2018 0:01,29.2,25.9,15.9
6/13/2018 1:02,28.7,25.5,15.7
6/13/2018 2:01,27.9,25.4,15.8
6/13/2018 3:02,27.4,25.5,15.7
6/13/2018 4:01,26.2,25.5,15.7
6/13/2018 5:02,22.1,25.1,15.7
6/13/2018 6:01,18.9,25.4,15.7
6/13/2018 7:02,17.3,25.2,15.7
6/13/2018 8:00,16,25.1,15.7
6/13/2018 9:01,15.7,24.9,15.7
6/13/2018 10:00,15.9,25.1,15.8
6/13/2018 11:01,16.3,25.3,15.8
6/13/2018 12:00,16.6,25.4,15.7
6/13/2018 13:01,11.9,25.4,15.7
6/13/2018 14:00,2.8,25.2,15.8
6/13/2018 15:01,2.8,25.2,15.8
6/13/2018 17:01,2.8,25.4,16
6/13/2018 18:00,3.1,25.3,16
6/13/2018 19:01,3.5,25.1,16.1
6/13/2018 20:02,3.8,25,15.9
6/13/2018 21:00,3.8,24.5,16
6/13/2018 22:01,4.1,24.3,15.8
6/13/2018 23:00,5.4,24.3,15.8
6/14/2018 0:01,7.4,23.9,15.8
6/14/2018 1:00,10.6,23.7,15.8
6/14/2018 2:01,11.1,23.4,15.8
6/14/2018 3:02,11.6,23.3,15.9
6/14/2018 4:01,12,23.1,15.7
6/14/2018 5:02,12.5,23,15.8
6/14/2018 6:01,12.8,22.8,15.7
6/14/2018 7:02,12.9,22.7,15.8
6/14/2018 8:01,13.3,22.5,15.8
6/14/2018 9:02,13.2,22.4,15.8
6/14/2018 10:01,14.5,22.4,15.9
6/14/2018 11:02,16,22.7,16.2
6/14/2018 12:01,17.3,23.1,16.2
6/14/2018 13:02,18.7,23.6,16.4
6/14/2018 14:00,19.7,24,16.6
6/14/2018 15:01,20.7,24.7,16.8
6/14/2018 16:00,21.7,25.2,16.8
6/14/2018 17:01,22.2,25.6,16.8
6/14/2018 18:00,22.9,25.8,16.8
6/14/2018 18:45,23.4,25.7,16.8
6/14/2018 19:02,23.5,25.8,16.7
6/14/2018 20:00,23.6,25.4,16.7
6/14/2018 21:01,23.9,25.1,16.5
6/14/2018 22:00,24.2,24.7,16.5
6/14/2018 23:01,24,24.6,16.6
6/15/2018 0:00,24.1,24.5,16.6
6/15/2018 1:01,24.3,24.4,16.4
6/15/2018 2:02,24.2,23.9,16.4
6/15/2018 3:00,24.2,23.8,16.4
6/15/2018 5:02,24.6,23.8,16.4
6/15/2018 6:00,24.7,23.6,16.4
6/15/2018 7:01,24.7,23.7,16.5
6/15/2018 8:00,24.7,23.6,16.5
6/15/2018 9:01,24.8,23.6,16.7
6/15/2018 10:00,24.9,23.6,16.6
6/15/2018 11:01,25,24,16.9
6/15/2018 12:00,25.2,24.5,17.2
6/15/2018 14:01,26.2,26.3,17.7
6/15/2018 15:00,26.8,27,18
6/15/2018 16:01,27.3,27.7,18
6/15/2018 17:00,27.9,28.1,18.1
6/15/2018 18:01,28.8,28.4,18.1
6/15/2018 19:02,29.3,28.6,18.1
6/15/2018 20:00,29.9,28.4,17.8
6/15/2018 21:01,30.4,27.8,17.8
6/15/2018 22:00,31,27.6,17.7
6/15/2018 23:01,31.4,27.3,17.8
6/16/2018 0:00,31.9,27.1,18
6/16/2018 1:01,32.6,26.8,17.5
6/16/2018 2:01,32.7,26.9,17.7
6/16/2018 3:00,33,26.6,17.6
6/16/2018 4:01,33.2,26.6,17.7
6/16/2018 5:00,33.4,26.3,17.8
6/16/2018 6:01,33.7,26.3,17.7
6/16/2018 7:02,34.2,26.2,17.7
6/16/2018 8:01,33.9,26.2,17.6
6/16/2018 9:01,34.2,26.3,17.7
6/16/2018 11:01,33.9,26.9,18.3
6/16/2018 12:00,34.1,28.1,18.7
6/16/2018 13:01,34.2,28.9,19.3
6/16/2018 14:02,34.9,29.5,19.5
6/16/2018 15:01,35.1,30.2,19.9
6/16/2018 16:02,35.8,30.8,20.2
6/16/2018 17:00,36.4,31.3,20.3
6/16/2018 18:01,37.2,32.2,20.3
6/16/2018 19:00,38,32.4,20.3
6/16/2018 20:01,38.6,32.3,19.7
6/16/2018 21:00,39.9,32.6,19.6
6/16/2018 22:01,40.5,32.3,19.4
6/16/2018 23:00,41.1,32.1,19.4
6/17/2018 0:01,41.8,32,19.3
6/17/2018 1:02,42.2,31.9,19.3
6/17/2018 2:01,42.6,31.4,19.3
6/17/2018 3:02,43.2,31.8,19.2
6/17/2018 4:01,43.8,31.8,19.2
6/17/2018 5:01,44.2,31.5,19.1
6/17/2018 6:00,44.8,31.4,19.2
6/17/2018 7:01,45.3,31.5,19.2
6/17/2018 8:01,45.2,31.8,19.3
6/17/2018 9:02,46,31.4,19.5
6/17/2018 10:00,45.9,32.1,20
6/17/2018 11:01,45.2,32.8,20.6
6/17/2018 12:00,45.2,33.5,21.2
6/17/2018 13:01,45,34.4,21.8
6/17/2018 14:00,45.2,35,22.4
6/17/2018 15:01,45.7,35.5,22.8
6/17/2018 16:00,46.1,36.1,23.3
6/17/2018 17:01,46.8,36.6,23
6/17/2018 17:01,46.8,36.6,23
6/17/2018 18:02,49,36.9,23.1
6/17/2018 19:01,49.3,37.5,22.8
6/17/2018 20:02,49.9,37.8,22.4
6/17/2018 21:01,50.7,38.1,22.1
6/17/2018 22:01,51.3,38.3,21.7
6/17/2018 23:00,52,38.4,21.5
6/18/2018 0:01,52.8,39,21.3
6/18/2018 1:00,53.2,38.6,21.5
6/18/2018 2:01,53.9,38.9,21.4
6/18/2018 3:02,54.4,38.8,21.4
6/18/2018 4:01,55,39,21.3
6/18/2018 5:02,55.4,38.9,21.2
6/18/2018 6:01,55.9,38.9,21.1
6/18/2018 7:01,56.7,38.9,21.3
6/18/2018 8:00,56.5,38.9,21.2
6/18/2018 9:01,57,39,21.5
6/18/2018 10:00,56.7,39.5,22.6
6/18/2018 11:01,56.4,40.3,23.9
6/18/2018 12:00,56,40.4,24.7
6/18/2018 13:01,55.9,41.3,25.2
6/18/2018 14:02,55.9,41.4,25.8
6/18/2018 15:01,55.9,42.4,26.6
6/18/2018 16:02,55.9,42.4,27.3
6/18/2018 17:00,56.4,43,27.8
6/18/2018 18:01,56.5,43.4,28.5
6/18/2018 19:00,57.5,43.7,28.5
6/18/2018 20:01,57.5,44,27.3
6/18/2018 21:00,58.9,44.8,26.8
6/18/2018 22:01,58.9,45.5,25.9
6/18/2018 23:02,60.3,45,25.3
6/19/2018 0:00,59.9,44.8,25
6/19/2018 2:02,61.8,45.6,24.4
6/19/2018 3:01,62,46,24.3
6/19/2018 4:01,63.1,45.7,24.4
6/19/2018 5:00,63.6,45.7,24.1
6/19/2018 6:01,63.6,46,24
6/19/2018 7:00,64,46.1,24.3
6/19/2018 8:01,64.3,46.3,24.1
6/19/2018 9:02,64.5,46.3,24.2
6/19/2018 10:01,64.9,47,25.6
6/19/2018 11:01,64.3,48.5,27.3
6/19/2018 12:00,64.7,48.7,28.6
6/19/2018 13:01,63.8,49.3,29.5
6/19/2018 14:00,64,49,30.4
6/19/2018 15:01,63.8,49.5,31
6/19/2018 16:00,63.8,49.6,31.9
6/19/2018 18:01,64.5,49.9,33.6
6/19/2018 19:00,65.6,50.1,34.2
6/19/2018 20:01,65.3,50.2,33.9
6/19/2018 21:02,66.4,50.4,33
6/19/2018 22:01,67.3,50.7,32.3
6/19/2018 23:01,66.9,51.3,31.8
6/20/2018 0:00,68.4,51,31.8
6/20/2018 1:01,67.8,51.8,30.8
6/20/2018 2:00,69.2,51.3,30.5
6/20/2018 3:01,69.7,51.6,30
6/20/2018 4:00,70.3,51.6,29.7
6/20/2018 5:01,70.5,52,29.3
6/20/2018 6:02,70.9,52.3,29.1
6/20/2018 7:01,71.3,52.8,29
6/20/2018 8:02,70.7,52.4,28.8
6/20/2018 9:00,70.7,53.1,28.6
6/20/2018 10:01,71.1,52.8,28.8
6/20/2018 11:00,71.7,53.2,29.2
6/20/2018 12:01,70.9,52.8,30.8
6/20/2018 13:00,71.5,53.2,32.8
6/20/2018 14:01,70.7,54.1,34.4
6/20/2018 15:02,71.3,53.7,35.7
6/20/2018 16:01,70.5,54.4,36.6
6/20/2018 17:02,70.3,53.9,37.6
6/20/2018 18:00,70.7,53.9,38.5
6/20/2018 19:01,70.9,54.2,39.3
6/20/2018 20:00,72,54.2,39.9
6/20/2018 21:01,71.7,54.4,39.6
6/20/2018 22:00,72.6,54.4,39.1
6/20/2018 23:01,72.8,54.5,38.8
6/21/2018 0:00,72.4,54.9,38.3
6/21/2018 1:01,73,55,38.5
6/21/2018 2:02,74,55,37.4
6/21/2018 3:01,72.4,55.4,36.9
6/21/2018 4:02,61.5,55.5,36.8
6/21/2018 5:01,23,55.4,35.9
6/21/2018 6:02,19.4,55.9,35.6
6/21/2018 7:00,18.2,55.5,35.2
6/21/2018 8:01,17,55.7,35.4
6/21/2018 9:00,13.5,55.7,34.6
6/21/2018 10:01,10.8,55.9,34.3
6/21/2018 11:00,6.8,57.4,34.1
6/21/2018 12:01,7.1,55.7,34.3
6/21/2018 13:00,11.1,55.9,34.9
6/21/2018 14:01,13.2,56.4,35.8
6/21/2018 15:00,15.8,56,37.4
6/21/2018 16:01,17.9,55.9,37.9
6/21/2018 17:00,19.2,55.9,39.1
6/21/2018 18:01,20.3,56.4,39.5
6/21/2018 19:00,20.9,56,39.6
6/21/2018 20:01,21.2,56,40.4
6/21/2018 21:00,21.5,55.9,39.4
6/21/2018 22:01,15.8,56.5,39.3
6/21/2018 23:02,4.1,55.7,38.3
6/22/2018 0:01,4.1,56,38.1
6/22/2018 1:02,4.1,56,37.8
6/22/2018 3:01,4.8,56.4,36.4
6/22/2018 4:00,4.5,56.5,35.9
6/22/2018 5:01,4.5,56.7,35.7
6/22/2018 6:00,4.5,56.9,35.4
6/22/2018 7:01,4.8,57,35.1
6/22/2018 8:00,4.8,57.2,35.1
6/22/2018 9:01,4.5,57.2,34.9
6/22/2018 10:00,4.8,57.2,34.3
6/22/2018 11:01,4.8,57.9,34.3
6/22/2018 12:00,4.5,56.9,34.6
6/22/2018 13:01,8.1,56.9,35.5
6/22/2018 14:02,13.3,56.7,36.1
6/22/2018 16:00,18.1,56.2,37.5
6/22/2018 17:01,18.8,56,38.3
6/22/2018 18:00,13.4,55.7,38.4
6/22/2018 19:01,8.4,55.2,38
6/22/2018 20:01,4.8,55,38
6/24/2018 19:01,17.4,18.7,31.9
6/25/2018 11:52,19.2,19.5,29.1
6/25/2018 12:01,19.3,19.5,29.1
6/25/2018 13:02,19.5,19.9,29.4
6/25/2018 14:01,19.6,20.3,29.2
6/25/2018 15:02,19.5,20.4,29.4
6/25/2018 16:01,19.9,20.7,29.7
6/25/2018 17:02,20.3,21,29.4
6/25/2018 18:01,20.7,21.3,29.9
6/25/2018 19:02,20.9,21.5,29.7
6/25/2018 20:01,21,21.9,29.7
6/25/2018 21:02,20.9,22,29.7
6/25/2018 22:01,20.9,21.9,29.7
6/25/2018 23:02,21,22.2,29.3
6/26/2018 0:01,20.9,22,29.1
6/26/2018 1:02,20.9,22,29
6/26/2018 2:01,21,22,28.9
6/26/2018 3:02,21,22,28.8
6/26/2018 4:00,21,22,28.6
6/26/2018 5:01,21.1,21.9,28.4
6/26/2018 6:00,21.1,22,28.3
6/26/2018 7:01,21.3,22,28.1
6/26/2018 8:00,21.2,22,28
6/26/2018 9:01,21.4,22,27.9
6/26/2018 10:01,21.6,22.2,27.6
6/26/2018 11:02,22,22.4,27.8
6/26/2018 12:01,22.4,22.6,27.7
6/26/2018 14:00,23,23,28
6/26/2018 15:01,23.6,23.3,28.3
6/26/2018 16:00,23.9,23.6,28.5
6/26/2018 17:01,24.2,23.8,28.6
6/26/2018 18:00,24.8,24.3,28.9
6/26/2018 19:01,25,24.4,29.1
6/26/2018 20:00,25.1,24.6,29.2
6/26/2018 21:01,25.3,24.8,29.5
6/26/2018 22:00,25.4,24.9,29.1
6/26/2018 23:01,25.5,25,29.1
6/27/2018 0:00,25.2,25.1,29
6/27/2018 1:01,25.9,25.2,28.8
6/27/2018 2:00,25.9,25.3,28.7
6/27/2018 3:01,26.2,25.4,28.8
6/27/2018 4:00,26.3,25.5,28.4
6/27/2018 5:01,26.4,25.5,28.3
6/27/2018 6:00,26.5,25.6,28.4
6/27/2018 7:01,26.5,25.6,28
6/27/2018 8:00,26.8,25.7,27.9
6/27/2018 9:01,26.7,25.8,27.8
6/27/2018 10:00,26.8,26.1,27.3
6/27/2018 11:01,26.7,25.9,27.6
6/27/2018 12:00,26.7,26.1,27.7
6/27/2018 13:02,26.8,26.2,27.8
6/27/2018 14:00,26.9,26.5,27.9
6/27/2018 15:02,27,26.5,28
6/27/2018 16:01,27.4,27,28.6
6/27/2018 17:02,27.6,27,28.7
6/27/2018 18:01,28.1,27.5,29.2
6/27/2018 19:02,28.4,27.5,29.3
6/27/2018 20:01,29,27.7,29.4
6/27/2018 21:02,29.3,28,29.4
6/27/2018 22:01,29.3,28,29.7
6/27/2018 23:00,29.5,28.3,29.4
6/28/2018 0:01,29.8,28.3,29.3
6/28/2018 1:02,30.2,28.7,29.5
6/28/2018 2:01,30.1,28.6,29.2
6/28/2018 3:00,30.3,28.7,29.1
6/28/2018 4:01,30.8,28.9,29.1
6/28/2018 5:00,30.6,28.8,28.9
6/28/2018 6:01,30.9,29,29.2
6/28/2018 7:00,30.9,29.1,29
6/28/2018 8:01,30.9,29,28.7
6/28/2018 9:00,30.9,29,28.8
6/28/2018 10:01,31,29.2,28.5
6/28/2018 11:00,30.9,29.3,28.6
6/28/2018 12:02,31,29.5,28.9
6/28/2018 13:01,31,29.8,29.3
6/28/2018 14:02,31.2,29.9,29.5
6/28/2018 15:01,31.7,30.1,29.7
6/28/2018 16:00,32.2,30.2,29.9
6/28/2018 17:01,32.6,30.4,30.1
6/28/2018 18:00,32.7,30.5,29.9
6/28/2018 19:01,32.9,30.6,29.8
6/28/2018 20:00,33.1,31,29.8
6/28/2018 21:01,33.2,30.9,29.5
6/28/2018 22:00,33.4,31,29.5
6/28/2018 23:02,33.5,31.1,29.7
6/29/2018 0:01,34.1,31.4,29.2
6/29/2018 2:00,33.7,31.2,29.1
6/29/2018 3:01,34.1,31.4,29.2
6/29/2018 4:00,33.9,31.4,29
6/29/2018 5:01,34.1,31.4,29
6/29/2018 6:00,33.9,31.5,29.2
6/29/2018 7:01,34.4,31.9,29.2
6/29/2018 8:00,34.2,31.7,28.9
6/29/2018 9:01,34.3,31.9,28.9
6/29/2018 10:00,34.2,31.8,28.8
6/29/2018 11:02,34.4,32,28.9
6/29/2018 12:01,33.8,32,29
6/29/2018 13:02,33.6,32.2,29.1
6/29/2018 14:01,33.6,32.2,29.4
6/29/2018 15:02,33.7,32.4,29.9
6/29/2018 16:01,33.9,32.8,30.2
6/29/2018 17:02,34.1,32.8,30.6
6/29/2018 18:01,34.4,33,31
6/29/2018 19:02,34.8,33.1,31.2
6/29/2018 20:01,35,33.2,31.4
6/29/2018 21:00,35.4,33.5,31.3
6/29/2018 22:01,35.7,33.7,31.3
6/29/2018 23:00,35.9,33.7,31.2
6/30/2018 0:01,36.6,34.2,31.2
6/30/2018 1:00,36.8,34.2,31.1
6/30/2018 2:02,36.8,34.2,31
6/30/2018 3:01,37,34.3,30.9
6/30/2018 4:02,37.3,34.4,30.8
6/30/2018 5:01,37.4,34.4,30.5
6/30/2018 5:01,37.4,34.4,30.5
6/30/2018 6:00,37.6,34.8,31.1
6/30/2018 7:01,38,34.9,30.5
6/30/2018 8:00,38,34.9,30.3
6/30/2018 9:01,37.8,34.8,30.3
6/30/2018 10:00,37.8,34.9,30.2
6/30/2018 11:01,37.9,35.2,30.4
6/30/2018 12:00,37.4,35.4,30.4
6/30/2018 13:01,37.3,35.2,30.6
6/30/2018 14:00,37.5,35.8,31.3
6/30/2018 15:01,37.6,35.9,31.5
6/30/2018 16:00,37.6,35.9,32.1
6/30/2018 17:01,37.9,36.1,32.3
6/30/2018 18:00,38.3,36.3,32.8
6/30/2018 19:01,38.6,36.7,33.1
6/30/2018 20:00,38.9,37.2,33.5
6/30/2018 21:01,39.5,37,33.5
6/30/2018 22:01,40.2,37.8,33.7
6/30/2018 23:02,40.7,37.9,33.5
7/1/2018 0:01,41.2,38.1,33.7
7/1/2018 1:00,41.1,38,33.2
7/1/2018 2:01,41.7,38.4,33.4
7/1/2018 3:00,41.8,38.6,33.1
7/1/2018 4:01,42.1,38.6,32.8
7/1/2018 5:00,42.6,38.9,32.8
7/1/2018 5:00,42.6,38.9,32.8
7/1/2018 6:01,43,39.5,32.9
7/1/2018 7:01,43,39.6,32.4
7/1/2018 8:02,43,39.3,32.3
7/1/2018 9:01,43.2,39.4,32.2
7/1/2018 10:02,43.2,39.6,32.2
7/1/2018 11:01,43.2,39.9,32.4
7/1/2018 12:00,42.9,40,32.6
7/1/2018 13:01,42.6,40.2,33.2
7/1/2018 14:00,42.8,40.8,33.8
7/1/2018 15:01,43,40.7,34.1
7/1/2018 16:00,43.2,40.9,34.6
7/1/2018 17:01,43.4,41.3,35.2
7/1/2018 18:00,43.8,41.6,35.9
7/1/2018 19:02,44.4,41.8,36.2
7/1/2018 20:01,44.8,42.2,36.4
7/1/2018 21:02,45.3,42.6,36.7
7/1/2018 22:01,45.7,42.9,36.7
7/1/2018 23:02,46.6,43.2,36.4
7/2/2018 0:01,46.6,43.3,36.4
7/2/2018 1:00,48.8,44.4,36.2
7/2/2018 2:01,49.3,44,35.8
7/2/2018 3:00,49.9,44.5,35.6
7/2/2018 4:01,49.9,45.2,35.5
7/2/2018 5:02,49.9,44.5,35.2
7/2/2018 6:01,50.2,44.8,35.1
7/2/2018 7:01,50.5,44.9,34.9
7/2/2018 8:02,51,45.7,34.8
7/2/2018 9:01,51,45.3,34.6
7/2/2018 10:00,50.9,46.4,34.9
7/2/2018 11:01,50.7,45.6,34.9
7/2/2018 13:36,50.4,46.3,36.6
7/2/2018 14:01,50.9,46.4,36.8
7/2/2018 15:02,50.7,47,37.6
7/2/2018 16:01,51.2,49,38.4
7/2/2018 17:00,51.2,47,39.1
7/2/2018 18:01,51.6,48.5,39.3
7/2/2018 19:00,52.6,49,39.5
7/2/2018 20:01,52.9,49.3,39.5
7/2/2018 21:00,53.6,49.8,39.4
7/2/2018 22:01,54.2,49.9,38.9
7/2/2018 23:01,54.9,50.2,39
7/3/2018 0:02,54.9,50.4,38.8
7/3/2018 1:01,54.7,50.5,38.5
7/3/2018 2:02,55.4,50.9,38.4
7/3/2018 3:01,55.2,51.6,38.3
7/3/2018 5:00,56,51.3,37.8
7/3/2018 7:02,56.5,51.8,37.6
7/3/2018 8:03,57.2,52.4,37.4
7/3/2018 9:02,56.9,52.6,37.4
7/3/2018 10:01,56.7,52.3,37.2
7/3/2018 11:02,56.5,52.3,37.2
7/3/2018 13:01,56.2,52.6,38.1
7/3/2018 14:00,55.5,52.6,39.5
7/3/2018 16:02,55.7,53.1,40.9
7/3/2018 17:01,56.4,53.2,41.7
7/3/2018 18:00,56,53.6,42.4
7/3/2018 19:01,56.2,53.4,42.9
7/3/2018 20:00,56.5,53.6,43.3
7/3/2018 21:01,57,53.7,44.1
7/3/2018 23:00,58,55.2,44.1
7/4/2018 1:02,59.1,54.7,43.3
7/4/2018 2:01,59.2,54.9,43.3
7/4/2018 3:02,59.6,55.9,43
7/4/2018 4:00,60.3,55.5,42.6
7/4/2018 5:02,60.4,55.7,42.6
7/4/2018 6:01,60.8,56.7,42.2
7/4/2018 7:02,61,56.2,42.4
7/4/2018 8:01,61.1,57,41.8
7/4/2018 9:00,61.1,57.2,41.7
7/4/2018 10:01,61.1,56.7,41.8
7/4/2018 11:00,61.3,57,43.2
7/4/2018 12:01,61.3,57.2,43.7
7/4/2018 13:00,59.9,57.5,44.4
7/4/2018 14:01,59.6,58.6,45
7/4/2018 15:01,60.1,57.7,45.7
7/4/2018 16:02,59.4,57.4,46.7
7/4/2018 17:01,59.8,57.7,49
7/4/2018 18:02,60.1,58,49.1
7/4/2018 19:01,60.1,57.9,49.8
7/4/2018 20:00,60.6,58,50.4
7/4/2018 21:01,53.4,58.6,51
7/4/2018 22:00,44.9,58.4,51.3
7/4/2018 23:01,34.5,58.6,52.4
7/5/2018 0:00,34.5,58.9,52
7/5/2018 1:01,34.6,58.9,52.6
7/5/2018 2:00,35,60.3,52.4
7/5/2018 4:02,35.1,60.1,52.6
7/5/2018 5:01,35.2,61,52.1
7/5/2018 6:02,35.4,60.8,52.8
7/5/2018 7:01,35.5,61,52
7/5/2018 8:02,35.5,61.3,52.6
7/5/2018 9:01,35.6,61.3,52
7/5/2018 10:02,35.2,61.7,51.5
7/5/2018 11:01,35.4,61.8,52.1
7/5/2018 12:02,35.5,62,52.3
7/5/2018 13:01,35.2,62,52.3
7/5/2018 14:00,35.6,62.6,52.3
7/5/2018 15:01,35.7,62,53.1
7/5/2018 16:00,36.1,62.4,52.8
7/5/2018 17:01,36.6,62.7,53.1
7/5/2018 18:00,37.2,62.2,54.1
7/5/2018 19:01,37.2,62.4,53.9
7/5/2018 20:00,37.4,63.1,53.9
7/5/2018 21:01,37.9,62.7,53.9
7/5/2018 22:01,38.1,63.4,54.2
7/5/2018 23:02,38.5,63.8,54.1
7/6/2018 0:01,38.8,64.2,54.1
7/6/2018 1:02,39.4,63.6,53.9
7/6/2018 2:01,39.4,64.2,54.4
7/6/2018 3:00,39.5,64,53.7
7/6/2018 4:01,39.6,64.5,53.6
7/6/2018 5:00,40.3,64.7,53.2
7/6/2018 6:01,40.3,64.5,53.1
7/6/2018 7:01,40.2,66,53.1
7/6/2018 8:02,40.2,65.1,52.9
7/6/2018 9:01,40.2,66.2,52.9
7/6/2018 10:02,40.4,66,52.6
7/6/2018 11:01,40,65.4,52.4
7/6/2018 11:39,40.2,65.4,51.8
7/6/2018 11:42,40,65.4,52.1
7/6/2018 12:00,40,65.4,51.8
7/6/2018 12:19,39.6,66.2,52
7/6/2018 13:01,40.2,65.4,52
7/6/2018 14:00,39.9,65.3,52.6
7/6/2018 15:01,39.8,65.1,52.8
7/6/2018 16:00,39.5,65.1,52.9
7/6/2018 17:01,39,64.9,53.2
7/6/2018 18:02,38.5,65.1,53.4
7/6/2018 19:01,37.9,65.6,53.6
7/6/2018 20:01,37.4,65.1,54.1
7/6/2018 21:00,36.9,65.6,53.9
7/6/2018 22:01,36.7,65.1,53.6
7/6/2018 23:00,36.4,65.4,53.7
7/7/2018 0:01,36.1,66,54.2
7/7/2018 1:01,35.8,65.8,53.9
7/7/2018 2:00,35.6,66.2,53.9
7/7/2018 3:01,35.6,66.7,53.2
7/7/2018 4:02,35.4,66,53.4
7/7/2018 5:00,35.5,66.4,52.8
7/7/2018 6:01,35,66.4,52.8
7/7/2018 7:00,35,66.5,52.3
7/7/2018 8:01,34.6,66.5,53.4
7/7/2018 9:00,34.8,67.3,52.1
7/7/2018 10:01,34.6,67.1,51.8
7/7/2018 11:02,34.3,66.9,52.3
7/7/2018 13:01,34.1,66.9,51.3
7/7/2018 14:02,33.6,67.1,51.3
7/7/2018 15:01,33.5,67.7,51.3
7/7/2018 16:02,33.6,66.9,51.5
7/7/2018 17:00,33.5,66.9,52
7/7/2018 18:01,33.4,66.7,52.1
7/7/2018 19:00,33.5,67.3,52.4
7/7/2018 20:01,33.9,66.9,53.2
7/8/2018 7:01,15.2,67.3,53.2
7/8/2018 8:00,15.5,67.8,52.6
7/8/2018 9:01,15.6,68.2,52.8
7/8/2018 10:00,15.7,68.8,53.2
7/8/2018 11:01,16.1,68.2,52.6
7/8/2018 12:02,16.5,67.8,51.8
7/8/2018 13:00,17.1,69.4,51.8
7/8/2018 14:01,17.8,67.8,51.3
7/8/2018 15:00,18.5,69.9,51.3
7/8/2018 16:01,19.2,68.4,51.6
7/8/2018 17:00,19.9,68.6,51.3
7/8/2018 18:01,20.4,67.7,52.6
7/8/2018 19:02,20.9,68.4,51.8
7/8/2018 20:01,21.1,67.5,52.6
7/8/2018 21:01,21.4,67.5,52.8
7/8/2018 22:00,21.4,68,52.6
7/8/2018 23:01,21.6,67.5,52.6
7/9/2018 0:00,22.4,67.7,52.6
7/9/2018 1:01,22,67.5,52.6
7/9/2018 2:02,21.9,67.8,53.1
7/9/2018 3:01,22,67.7,53.7
7/9/2018 4:01,22.1,68.2,52.8
7/9/2018 5:00,22.3,67.8,53.1
7/9/2018 6:01,22.3,68.2,52.9
7/9/2018 7:00,22.4,68.2,52.1
7/9/2018 8:01,22.5,68.2,52.6
7/9/2018 9:02,22.4,68.2,52
7/9/2018 10:02,22.7,69.4,51.5
7/9/2018 11:01,22.8,68,51.3
7/9/2018 12:00,23,68.8,51.3
7/9/2018 13:01,23.3,67.7,51.6
7/9/2018 14:00,23.7,68.4,52
7/9/2018 15:01,24.2,67.3,51.6
7/9/2018 16:02,24.5,67.7,51.8
7/9/2018 17:00,24.8,66.9,52.6
7/9/2018 18:01,25.3,66.9,52.3
7/9/2018 19:00,25.8,66.7,52.9
7/9/2018 20:01,26.1,66.5,54.7
7/9/2018 21:00,26.4,67.8,53.4
7/9/2018 22:01,26.8,66.4,53.7
7/9/2018 23:01,26.9,66.4,54.1
7/10/2018 0:02,27.2,66.4,54.2
7/10/2018 1:01,27.3,68,53.7
7/10/2018 2:00,27.6,67.5,53.6
7/10/2018 3:01,27.8,66.7,53.6
7/10/2018 4:00,28,66.7,53.2
7/10/2018 5:01,28.3,66.7,53.2
7/10/2018 6:02,28.5,66.9,53.7
7/10/2018 7:00,28.6,67.3,52.9
7/10/2018 8:01,28.8,67.7,53.6
7/10/2018 9:00,28.6,68,52.4
7/10/2018 10:01,28.6,66.9,52.8
7/10/2018 11:02,28.6,67.3,52.4
7/10/2018 12:01,28.7,66.9,52.1
7/10/2018 13:02,28.7,66.5,52
7/10/2018 14:00,28.7,66.4,52.3
7/10/2018 15:01,29.1,66.2,52.8
7/10/2018 16:00,29.5,66,52.9
7/10/2018 17:01,29.7,66,53.4
7/10/2018 18:00,30,65.6,53.7
7/10/2018 19:01,30.4,65.8,54.2
7/10/2018 20:02,30.5,65.8,54.5
7/10/2018 21:01,31,65.6,54.5
7/10/2018 22:01,31.3,65.6,56
7/10/2018 23:00,31.7,66,54.7
7/11/2018 0:01,32.1,65.8,54.7
7/11/2018 1:00,32.2,66.5,54.7
7/11/2018 2:01,32.7,65.6,55
7/11/2018 3:00,33.1,65.8,54.4
7/11/2018 4:01,33.2,66.7,54.2
7/11/2018 5:02,33.7,66,54.5
7/11/2018 6:00,33.8,66.2,53.7
7/11/2018 7:01,34.1,66.2,53.2
7/11/2018 9:01,34.1,66,53.7
7/11/2018 10:02,34.2,66.2,52.9
7/11/2018 11:00,33.9,66,53.6
7/11/2018 12:01,33.8,65.8,54.1
7/11/2018 13:00,33.9,66.4,52.9
7/11/2018 14:01,34.1,66.2,53.6
7/11/2018 15:00,34.3,66,53.9
7/11/2018 16:01,34.6,65.8,54.1
7/11/2018 18:00,35.2,65.4,54.7
7/11/2018 19:00,35.9,65.6,55.9
7/11/2018 20:01,36.3,65.6,55.2
7/11/2018 21:00,36.6,66,55.5
7/11/2018 22:01,37,65.8,55
7/11/2018 23:00,37.5,66.7,55.9
7/12/2018 0:01,37.9,65.8,56.2
7/12/2018 1:00,38.3,66,56.5
7/12/2018 2:01,39.1,66.2,55
7/12/2018 3:02,39.3,66.4,55
7/12/2018 4:01,39.6,66.4,55.5
7/12/2018 5:01,39.9,66.7,55.4
7/12/2018 6:00,40.3,66.7,55.2
7/12/2018 7:01,40.3,66.9,54.5
7/12/2018 8:00,40.4,67.7,54.9
7/12/2018 9:01,40.5,66.9,54.2
7/12/2018 10:00,40.7,69.2,54.1
7/12/2018 11:01,40.5,67.1,53.9
7/12/2018 12:01,40.8,67.1,53.9
7/12/2018 13:00,40.4,67.7,54.5
7/12/2018 14:01,40.5,67.3,55.5
7/12/2018 15:00,40.8,68.4,55.5
7/12/2018 16:01,41.7,67.5,55.7
7/12/2018 17:00,41.7,67.7,56
7/12/2018 18:01,42.4,68.2,56.4
7/12/2018 19:01,42.6,68.2,57.2
7/12/2018 20:00,43.4,68.2,56.7
7/12/2018 21:01,44.2,68.4,56.9
7/12/2018 22:00,44.5,67.8,57.2
7/12/2018 23:01,45.7,67.8,57.9
7/13/2018 0:00,45.7,67.8,57.2
7/13/2018 2:00,46.4,68,57.4
7/13/2018 3:01,47,69.5,57.4
7/13/2018 4:00,48.8,68.8,57.9
7/13/2018 5:01,49.3,69.4,57
7/13/2018 7:00,50.2,69.9,57.9
7/13/2018 8:01,51,70.7,56.9
7/13/2018 9:00,50.9,69.4,56.7
7/13/2018 10:01,50.7,70.1,57
7/13/2018 11:02,50.5,69.5,56.5
7/13/2018 12:01,50.5,69.5,56.9
7/13/2018 13:02,50.2,69.4,57.2
7/13/2018 14:00,50.9,69.9,57.2
7/13/2018 15:01,51,69.4,57.5
7/13/2018 16:00,51,69.2,57.9
7/13/2018 17:01,51.5,69.9,58.4
7/13/2018 18:00,52.4,69.2,58.7
7/13/2018 19:01,52.9,69.2,59.6
7/13/2018 20:00,52.9,69.4,58.6
7/13/2018 21:01,53.9,70.1,58.7
7/13/2018 22:02,54.2,69.4,60.4
7/13/2018 23:00,55,69.7,59.6
7/14/2018 0:01,55.4,69.7,59.8
7/14/2018 1:00,55.5,70.9,59.1
7/14/2018 2:01,56.4,70.1,59.4
7/14/2018 3:00,56.5,70.3,59.1
7/14/2018 4:01,57.2,70.5,58.9
7/14/2018 5:00,57.4,70.7,59.1
7/14/2018 6:01,58,70.9,59.1
7/14/2018 7:01,58.4,71.3,58.9
7/14/2018 8:00,58.6,71.3,59.2
7/14/2018 9:01,58.9,72,58.9
7/14/2018 10:00,58.9,71.9,59.4
7/14/2018 11:01,58.7,72.4,59.1
7/14/2018 12:02,58.9,72.2,58.9
7/14/2018 13:00,57.9,72.6,59.2
7/14/2018 14:01,58,72.4,59.9
7/14/2018 15:00,58.4,71.9,59.6
7/14/2018 16:01,59.1,71.9,60.1
7/14/2018 17:02,59.9,72,60.1
7/14/2018 18:01,60.6,72.8,60.3
7/14/2018 19:02,60.6,72.4,60.4
7/14/2018 20:00,61.3,73,61.5
7/14/2018 21:01,61.3,72.6,60.6
7/14/2018 22:00,61.7,72.8,60.8
7/14/2018 23:01,62.6,73.6,61
7/15/2018 0:00,62.6,73.2,60.8
7/15/2018 1:01,62.7,73.2,60.8
7/15/2018 2:02,63.3,73.4,61.5
7/15/2018 3:01,63.8,74,61.7
7/15/2018 4:02,64,73.8,61
7/15/2018 5:00,65.6,74.2,62
7/15/2018 6:01,64.5,75.2,60.4
7/15/2018 7:00,64.9,74.6,61.1
7/15/2018 9:01,65.3,75.6,61.5
7/15/2018 10:00,64.9,75.8,61.3
7/15/2018 11:01,65.3,75.2,61
7/15/2018 12:00,64.9,75.8,60.8
7/15/2018 13:01,65.4,75.2,60.8
7/15/2018 14:00,64.9,75.6,61.7
7/15/2018 15:01,64.5,75.4,61.1
7/15/2018 16:00,65.4,75.2,62.4
7/15/2018 17:01,64.7,75.4,61.7
7/15/2018 18:00,65.1,75.2,62.6
7/15/2018 19:01,64.9,76.6,61.7
7/15/2018 20:02,64.9,76.4,61.8
7/15/2018 21:01,65.8,75.6,62.4
7/15/2018 22:02,66.4,75.6,62.6
7/15/2018 23:00,66.5,75.8,62
7/16/2018 1:02,66.5,76,61.8
7/16/2018 2:01,67.7,77,62.7
7/16/2018 3:01,67.3,78.1,62.2
7/16/2018 4:00,67.5,76.6,61.8
7/16/2018 5:01,68.2,76.6,62
7/16/2018 6:00,69,76.8,63.3
7/16/2018 7:01,69.4,77,61.8
7/16/2018 8:00,68.6,77.4,62.4
7/16/2018 9:01,69,78.5,61.8
7/16/2018 10:02,69,77.6,62.2
7/16/2018 11:00,69.4,77.9,62.4
7/16/2018 12:01,69,78.1,62.9
7/16/2018 13:00,68,78.7,61.3
7/16/2018 15:02,68.2,77.6,61.8
7/16/2018 16:00,66.7,77.4,62
7/16/2018 17:01,66.9,77.4,62.4
7/16/2018 18:00,66.5,78.1,62.6
7/16/2018 19:01,66.9,77.2,63.4
7/16/2018 20:00,67.3,77.2,63.4
7/16/2018 21:01,67.1,77.2,64.2
7/16/2018 22:00,67.7,77.2,63.3
7/16/2018 23:01,67.3,78.3,63.1
7/17/2018 0:02,67.7,77.2,63.1
7/17/2018 1:01,67.8,78.3,63.3
7/17/2018 2:01,68.2,77.4,63.3
7/17/2018 3:00,68.4,77.6,63.4
7/17/2018 4:01,68.4,78.9,63.3
7/17/2018 5:00,68.6,77.9,63.3
7/17/2018 6:01,68.8,78.1,62.9
7/17/2018 7:00,69,78.3,63.6
7/17/2018 8:01,69.2,78.5,63.8
7/17/2018 9:02,69.4,78.5,63.1
7/17/2018 10:00,68.4,78.7,63.1
7/17/2018 11:01,68.2,78.5,62.7
7/17/2018 12:00,67.5,79.3,62.6
7/17/2018 13:01,66.9,79.3,63.1
7/17/2018 14:00,66.5,78.5,62.9
7/17/2018 15:01,67.3,78.3,63.1
7/17/2018 16:00,66.5,78.1,63.3
7/17/2018 16:00,66.5,78.1,63.3
7/17/2018 18:01,66.2,77.9,63.8
7/17/2018 19:00,66.4,78.3,63.4
7/17/2018 20:01,66.5,77.9,64.3
7/17/2018 21:00,67.3,78.7,64.3
7/17/2018 22:01,67.5,77.9,64.5
7/17/2018 23:00,67.8,77.9,64
7/18/2018 0:01,69,77.9,64
7/18/2018 2:00,68.6,79.1,64.5
7/18/2018 3:01,69.9,78.7,64.2
7/18/2018 4:00,69.9,79.3,64.2
7/18/2018 5:01,69.7,78.7,64
7/18/2018 6:00,69.9,79.1,65.1
7/18/2018 7:01,70.1,80.6,64
7/18/2018 8:00,70.5,79.5,64.2
7/18/2018 9:01,71.1,79.5,64.5
7/18/2018 10:02,70.1,79.7,64.2
7/18/2018 11:01,69.4,79.7,64.7
7/18/2018 12:02,69.2,79.7,65.4
7/18/2018 13:01,67.8,79.7,64.2
7/18/2018 14:01,67.8,79.5,64.9
7/18/2018 15:00,67.3,80.1,64.3
7/18/2018 16:01,67.5,79.3,65.1
7/18/2018 17:02,67.3,79.3,65.1
7/18/2018 18:01,68,79.1,66.4
7/18/2018 19:02,68.2,79.9,65.1
7/18/2018 20:01,68,79.9,65.3
7/18/2018 21:01,68.4,79.7,65.4
7/18/2018 22:00,69,80.6,65.6
7/18/2018 23:01,69.9,79.7,65.6
7/19/2018 0:00,70.3,80.6,65.8
7/19/2018 1:01,70.7,79.9,66
7/19/2018 2:00,71.1,80.4,66.5
7/19/2018 4:01,72.6,80.8,66.7
7/19/2018 5:00,72.2,81.2,66.9
7/19/2018 6:01,73.2,81.2,66.5
7/19/2018 7:00,73,81.6,67.3
7/19/2018 8:01,73.2,82.3,66.7
7/19/2018 9:00,73.6,82,67.7
7/19/2018 11:01,73,82.5,68
7/19/2018 12:00,72.6,83.3,66.5
7/19/2018 13:01,72.6,82.5,66.7
7/19/2018 14:00,72.4,82.7,66.9
7/19/2018 15:01,71.9,83.3,67.1
7/19/2018 17:00,71.9,82.9,68.2
7/19/2018 18:01,71.7,84.4,67.3
7/19/2018 19:00,72.4,82.7,68
7/19/2018 20:01,72.4,84.2,68.2
7/19/2018 21:02,72.8,84,68.6
7/19/2018 23:01,74,85.5,69
7/20/2018 0:00,74.6,84.9,69.2
7/20/2018 1:01,74.8,86,69.2
7/20/2018 2:02,75.8,84.2,69.9
7/20/2018 3:01,75.6,84.6,69.5
7/20/2018 4:02,76.4,85.1,69.9
7/20/2018 5:01,75.8,85.3,69.9
7/20/2018 6:02,77,85.5,70.7
7/20/2018 7:00,77.2,86.4,70.9
7/20/2018 8:01,77.6,86.4,70.5
7/20/2018 9:00,78.1,87.3,70.7
7/20/2018 10:01,77.9,87.5,70.7
7/20/2018 11:00,77.6,86.8,71.5
7/20/2018 12:01,77,88,71.3
7/20/2018 13:00,76.4,87.1,71.1
7/20/2018 14:01,77,87.3,71.5
7/20/2018 15:02,76.4,87.3,72.4
7/20/2018 16:01,76.4,87.3,72
7/20/2018 17:01,76.6,87.7,72.4
7/20/2018 18:00,76.8,87.5,72.8
7/20/2018 19:01,77.9,88,73.6
7/20/2018 20:00,77.6,88.2,73
7/20/2018 21:01,77.6,88.9,74.2
7/20/2018 22:00,78.3,88.9,73.6
7/20/2018 23:01,80.1,89.6,74
7/21/2018 0:02,79.3,91.6,74.2
7/21/2018 1:01,80.1,89.6,75.4
7/21/2018 2:01,79.9,90,74.8
7/21/2018 3:00,80.1,90.2,75
7/21/2018 4:01,81.6,90.7,75.2
7/21/2018 5:00,81.4,91.9,75.4
7/21/2018 6:01,81.2,92.1,75.6
7/21/2018 7:00,82.3,91.6,76
7/21/2018 8:01,82.5,92.6,77
7/21/2018 9:00,82.7,92.3,77
7/21/2018 10:01,83.1,92.8,76.4
7/21/2018 12:01,82.3,93,76.8
7/21/2018 13:02,82,93,77.2
7/21/2018 14:01,82.3,93.3,78.1
7/21/2018 15:02,82.5,94.2,78.3
7/21/2018 16:01,11,92.3,77.2
7/21/2018 18:00,11.7,93.3,78.1
7/21/2018 19:01,12,92.8,78.3
7/21/2018 20:02,13.2,94.4,78.7
7/21/2018 21:01,20.5,95.4,79.7
7/21/2018 22:02,23.9,95.9,79.7
7/21/2018 23:01,25.6,95.4,79.7
7/22/2018 0:01,26.9,96.1,79.9
7/22/2018 1:00,28,96.4,80.8
7/22/2018 2:01,29,97.6,80.6
7/22/2018 3:00,30,97.3,80.4
7/22/2018 4:01,30.9,97.6,81.6
7/22/2018 5:00,31.5,98.8,81.4
7/22/2018 6:01,32.4,98.6,81.8
7/22/2018 7:00,33.1,99.1,82.9
7/22/2018 8:01,33.8,99.3,82.7
7/22/2018 9:02,34.8,99.8,82.5
7/22/2018 11:01,35.2,103.6,83.8
7/22/2018 12:00,35.6,101,84.4
7/22/2018 13:01,36.2,101,83.6
7/22/2018 14:00,36.7,102.3,83.8
7/22/2018 15:01,37.5,101.5,83.8
7/22/2018 16:02,37.9,101.8,84.2
7/22/2018 17:01,39,103.3,84.4
7/22/2018 18:02,39.5,102.6,84.6
7/22/2018 19:00,40.4,102.8,84.9
7/22/2018 20:01,41.3,104.6,85.5
7/22/2018 21:00,42.2,103.8,86
7/22/2018 22:01,43.6,104.1,86.2
7/22/2018 23:00,44.4,104.6,87.3
7/23/2018 0:01,45.3,105.9,87.1
7/23/2018 1:02,46,105.4,87.7
7/23/2018 2:01,46.8,106.4,87.7
7/23/2018 3:02,49,106.7,88.6
7/23/2018 4:01,49.8,107.2,90
7/23/2018 5:01,50.9,107.2,89.1
7/23/2018 6:00,51.6,107.7,88.9
7/23/2018 7:01,52.8,109.6,88.6
7/23/2018 8:00,53.1,108.3,89.1
7/23/2018 9:01,54.2,108.8,89.1
7/23/2018 10:00,54.7,109.1,89.6
7/23/2018 11:01,55,109.6,90.2
7/23/2018 12:02,55.5,110.4,90.9
7/23/2018 13:01,56,110.2,90
7/23/2018 14:02,56.2,110.4,91.4
7/23/2018 15:01,56,112.3,90.9
7/23/2018 16:01,56.2,112.1,90.9
7/23/2018 17:00,57,111,91.2
7/23/2018 18:01,57.5,112.6,91.4
7/23/2018 19:00,58.9,111.8,91.9
7/23/2018 20:01,59.9,112.1,92.3
7/23/2018 21:00,61.1,112.6,92.6
7/23/2018 22:01,61.5,114.5,93
7/23/2018 23:00,62,114,93
7/24/2018 0:01,62.7,115.7,94
7/24/2018 1:00,63.4,116.2,94
7/24/2018 2:01,64.3,115.9,94
7/24/2018 3:02,65.4,115.4,94.7
7/24/2018 4:01,65.6,115.9,95.4
7/24/2018 5:02,66.7,116.2,94.4
7/24/2018 6:01,17.3,115.9,95.2
7/24/2018 7:02,19.7,116.8,96.4
7/24/2018 8:01,18.8,117.1,97.1
7/24/2018 9:01,18.5,116.8,97.8
7/24/2018 10:00,19,117.1,96.4
7/24/2018 11:01,19.6,117.6,97.6
7/24/2018 12:00,19.9,118.8,96.4
7/24/2018 13:01,20.5,117.9,96.4
7/24/2018 14:00,20.8,118.2,96.8
7/24/2018 15:01,20.9,118.5,97.3
7/24/2018 16:00,21.4,118.2,97.6
7/24/2018 17:01,21.3,120.8,97.3
7/24/2018 18:02,21.8,120.2,97.8
7/24/2018 19:01,22.3,120.5,98.1
7/24/2018 19:35,22.4,119.7,98.3
7/24/2018 20:00,22.2,119.9,98.3
7/24/2018 21:01,24.2,119.9,99.3
7/24/2018 22:02,27.2,122.9,100.3
7/24/2018 23:00,29.3,121.1,99.1
7/25/2018 0:01,30.5,121.7,100.3
7/25/2018 1:02,31.7,124.1,100.5
7/25/2018 2:00,33,124.1,101.5
7/25/2018 3:01,34.1,123.8,100.3
7/25/2018 4:00,35,123.8,100.8
7/25/2018 5:01,36.1,124.1,101.3
7/25/2018 6:00,37.3,124.1,100.8
7/25/2018 7:01,38.3,126.5,101.5
7/25/2018 8:02,39.3,127.1,101.5
7/25/2018 9:00,39.8,128.3,101.5
7/25/2018 10:01,40.7,125.9,104.1
7/25/2018 11:00,40.9,126.2,102.1
7/25/2018 13:01,42,126.5,101.8
7/25/2018 14:00,42.1,126.2,102.3
7/25/2018 15:01,42.9,126.8,102.3
7/25/2018 16:00,43.7,127.4,102.6
7/25/2018 17:01,44.5,127.4,104.4
7/25/2018 18:02,45.6,127.7,104.4
7/25/2018 19:00,46.7,127.7,103.3
7/25/2018 20:01,49.5,128,104.1
7/25/2018 21:00,50.7,128.3,105.1
7/25/2018 22:01,52,128.6,104.4
7/25/2018 23:02,52.9,129.6,105.6
7/26/2018 0:00,54.1,130.2,106.4
7/26/2018 1:01,55.2,130.5,105.1
7/26/2018 2:00,56.9,134.3,107
7/26/2018 3:01,58,131.4,105.6
7/26/2018 4:02,58.4,131.4,105.9
7/26/2018 5:01,60.1,131.8,106.2
7/26/2018 6:02,60.6,132.4,107.7
7/26/2018 7:00,61.5,132.7,107.2
7/26/2018 8:01,62.4,133,108.3
7/26/2018 9:00,62.7,135.6,107.2
7/26/2018 10:01,63.1,134.6,108.3
7/26/2018 11:00,63.3,134.3,107.2
7/26/2018 12:01,62.7,135.9,107.5
7/26/2018 13:01,62,134.6,110.2
7/26/2018 14:00,62.2,134.6,109.6
7/26/2018 15:01,63.1,134.6,108.8
7/26/2018 16:00,62.6,135.6,109.1
7/26/2018 17:01,62.9,135.3,109.3
7/26/2018 18:00,63.4,135.3,109.6
7/26/2018 19:01,64.2,135.6,110.4
7/26/2018 20:00,64.9,136.2,111.5
7/26/2018 21:01,65.8,136.9,111.5
7/26/2018 22:02,66.7,140.5,111
7/26/2018 23:01,69,137.6,111
7/27/2018 0:01,69,138.9,111.5
7/27/2018 1:00,69.5,138.2,111.2
7/27/2018 2:01,70.1,139.5,114.8
7/27/2018 3:00,70.9,139.9,112.6
7/27/2018 4:01,71.7,141.9,112.6
7/27/2018 5:00,72.4,140.2,113.2
7/27/2018 6:01,73.2,140.9,113.4
7/27/2018 7:02,73.8,142.2,112.6
7/27/2018 8:01,74.4,141.6,115.1
7/27/2018 9:01,75.2,141.9,115.7
7/27/2018 10:00,74.8,142.2,114.8
7/27/2018 11:01,74.8,142.9,115.7
7/27/2018 13:01,74.6,143.2,115.7
7/27/2018 15:00,74.6,145.7,116.2
7/27/2018 16:01,74.4,146,116.2
7/27/2018 17:02,74.6,144.3,117.1
7/27/2018 18:01,74.2,146,116.8
7/27/2018 19:01,75,144.6,117.4
7/27/2018 20:00,74.8,147.1,117.4
7/27/2018 21:01,75.2,145.3,117.9
7/27/2018 22:00,76.6,150.9,121.1
7/27/2018 23:01,77.4,146.7,118.2
7/28/2018 0:00,77.9,147.4,120.5
7/28/2018 1:01,78.5,147.4,118.8
7/28/2018 2:02,79.1,147.8,119.1
7/28/2018 3:01,80.1,148.1,119.7
7/28/2018 4:02,81.8,153.1,121.4
7/28/2018 5:01,81.8,150.9,121.1
7/28/2018 6:01,84.4,153.5,122.9
7/28/2018 7:00,83.8,150.2,122.3
7/28/2018 8:01,84.2,150.2,121.4
7/28/2018 9:00,86,152,121.1
7/28/2018 10:01,84.6,150.6,121.7
7/28/2018 11:00,83.1,150.9,122
7/28/2018 12:01,81.8,151.7,123.2
7/28/2018 13:02,81,152.4,122.3
7/28/2018 14:00,81.2,151.7,122.9
7/28/2018 16:02,80.6,153.8,123.2
7/28/2018 18:01,81.8,153.8,124.4
7/28/2018 19:02,81.4,154.6,125.9
7/28/2018 20:01,82.3,153.5,124.7
7/28/2018 21:02,82.9,154.6,125.6
7/28/2018 22:00,83.6,154.9,125.6
7/28/2018 23:01,85.7,158.3,128
7/29/2018 0:00,85.1,156.4,126.5
7/29/2018 1:01,86.8,157.9,126.8
7/29/2018 2:00,87.3,157.5,128.9
7/29/2018 3:01,87.5,158.3,127.7
7/29/2018 4:00,88.4,159,127.7
7/29/2018 5:01,89.3,160.6,129.3
7/29/2018 6:02,90.9,162.1,129.6
7/29/2018 7:01,90.7,162.9,129.6
7/29/2018 8:02,92.3,161.7,131.1
7/29/2018 9:00,93.3,162.5,131.1
7/29/2018 10:01,91.9,161.7,132.4
7/29/2018 11:00,90.9,161.7,131.1
7/29/2018 12:01,89.8,163.3,130.8
7/29/2018 13:00,89.1,162.5,130.5
7/29/2018 14:01,89.6,163.6,131.1
7/29/2018 15:02,88.9,163.6,131.8
7/29/2018 16:01,88.9,162.1,132.1
7/29/2018 17:01,89.6,164.8,132.4
7/29/2018 18:00,89.8,163.6,132.7
7/29/2018 19:01,90.7,166,133
7/29/2018 20:00,91.6,166.4,133.3
7/29/2018 21:01,92.1,168.4,136.6
7/29/2018 22:00,92.8,166.8,134.6
7/29/2018 23:01,94.7,168,134.6
7/30/2018 0:02,95.2,171.2,134.6
7/30/2018 1:01,95.4,169.6,135.3
7/30/2018 2:02,96.6,171.2,137.6
7/30/2018 3:01,97.3,170.8,136.2
7/30/2018 4:02,98.3,174.1,137.9
7/30/2018 5:01,99.1,171.2,138.9
7/30/2018 6:02,100.5,172.8,137.9
7/30/2018 7:01,101,173.7,140.2
7/30/2018 8:02,102.3,176.6,140.5
7/30/2018 9:00,101.5,176.1,138.2
7/30/2018 10:01,101.8,174.5,140.9
7/30/2018 11:00,101,175.3,139.2
7/30/2018 12:01,100.3,174.9,139.9
7/30/2018 13:00,99.5,175.3,140.2
7/30/2018 14:01,99.5,175.7,140.5
7/30/2018 15:01,100,176.6,140.5
7/30/2018 16:00,99.5,176.1,143.2
7/30/2018 17:01,100.5,182.1,141.2
7/30/2018 18:00,100.8,181.7,141.9
7/30/2018 19:01,101.8,179.5,142.2
7/30/2018 20:00,101.5,178.2,142.9
7/30/2018 21:01,102.3,178.7,142.9
7/30/2018 22:00,103.1,179.5,143.6
7/30/2018 23:01,103.6,180.8,144.3
7/31/2018 0:00,104.6,182.5,146.4
7/31/2018 1:01,104.9,182.1,144.6
7/31/2018 2:02,107,184.3,147.1
7/31/2018 3:01,106.7,183.4,146
7/31/2018 4:01,108.3,184.7,146
7/31/2018 5:00,108,183.4,148.1
7/31/2018 6:01,108.8,184.7,146.4
7/31/2018 7:00,109.1,184.7,147.1
7/31/2018 8:01,109.6,185.6,146.7
7/31/2018 9:00,111.2,188.7,148.1
7/31/2018 10:01,111.5,190.1,147.8
7/31/2018 11:00,110.2,186.5,147.4
7/31/2018 12:01,110.7,188.3,148.8
7/31/2018 13:00,109.1,188.3,148.8
7/31/2018 14:01,109.9,190.1,147.8
7/31/2018 15:00,109.9,188.7,148.5
7/31/2018 16:01,111,187.8,148.5
7/31/2018 17:00,110.4,193.3,150.2
7/31/2018 18:01,111.2,189.2,149.5
7/31/2018 19:00,112.9,192.8,150.2
7/31/2018 20:01,112.9,191,150.9
7/31/2018 21:00,113.4,191.9,150.2
7/31/2018 22:01,116.2,193.3,152.8
7/31/2018 23:02,114.8,192.3,150.2
8/1/2018 0:00,115.4,196.5,151.3
8/1/2018 1:01,115.7,193.3,150.9
8/1/2018 2:00,117.9,193.7,151.7
8/1/2018 3:01,117.6,194.7,151.7
8/1/2018 4:00,117.9,194.7,152
8/1/2018 5:01,119.1,195.6,152
8/1/2018 6:00,119.7,196.5,152
8/1/2018 7:01,121.7,196,154.2
8/1/2018 8:02,122.3,197,152.8
8/1/2018 9:01,121.1,197.5,153.1
8/1/2018 10:02,122.6,199.4,154.9
8/1/2018 11:01,122.3,197.9,152.8
8/1/2018 12:02,122,197.5,154.6
8/1/2018 13:01,122.6,197.9,152.8
8/1/2018 14:02,121.4,198.9,152.8
8/1/2018 15:00,122.3,198.9,152.8
8/1/2018 16:01,122.3,198.9,153.1
8/1/2018 17:00,122.9,199.4,152.8
8/1/2018 18:01,123.8,200,155.7
8/1/2018 19:02,124.7,200,154.2
8/1/2018 20:01,125.3,200,154.2
8/1/2018 21:02,127.7,200,154.2
8/1/2018 22:00,126.8,200,158.3
8/1/2018 23:01,127.7,200,154.9
8/2/2018 0:00,128.9,200,155.3
8/2/2018 1:01,128.9,200,154.9
8/2/2018 2:00,130.2,200,155.3
8/2/2018 3:01,132.7,200,155.3
8/2/2018 4:00,132.1,200,157.5
8/2/2018 5:01,134.3,200,155.7
8/2/2018 6:02,133,200,155.7
8/2/2018 7:01,134.6,200,155.3
8/2/2018 8:02,134.9,200,156.4
8/2/2018 9:01,136.6,200,157.9
8/2/2018 10:02,135.3,200,154.9
8/2/2018 11:01,135.6,200,156.4
8/2/2018 12:01,134.3,200,154.6
8/2/2018 13:00,134,200,155.3
8/2/2018 14:01,135.3,200,155.7
8/2/2018 15:00,134.6,200,155.3
8/2/2018 16:01,135.6,200,156.1
8/2/2018 17:00,136.9,200,157.9
8/2/2018 18:01,137.9,200,156.1
8/2/2018 19:00,138.9,200,156.8
8/2/2018 20:01,139.9,200,156.4
8/2/2018 21:02,141.2,200,156.8
8/2/2018 22:01,142.9,200,159
8/2/2018 23:02,142.2,200,158.3
8/3/2018 0:00,143.2,200,160.2
8/3/2018 1:01,146,200,157.9
8/3/2018 2:00,149.2,200,158.3
8/3/2018 3:01,146.7,200,158.3
8/3/2018 4:00,146.7,200,158.3
8/3/2018 5:01,149.9,200,159
8/3/2018 6:00,150.2,200,159
8/3/2018 7:01,148.8,200,160.6
8/3/2018 8:00,149.9,200,159.8
8/3/2018 9:01,150.2,200,158.3
8/3/2018 10:00,152,200,160.2
8/3/2018 12:02,152,200,158.3
8/3/2018 13:01,152,200,160.9
8/3/2018 15:00,154.9,200,159
8/3/2018 16:01,154.2,200,159.4
8/3/2018 17:00,155.7,200,162.1
8/3/2018 18:01,160.2,200,160.6
8/3/2018 19:00,158.3,200,160.2
8/3/2018 20:01,160.6,200,160.9
8/3/2018 21:00,160.6,200,161.3
8/3/2018 22:01,161.3,200,160.6
8/3/2018 23:00,161.7,200,160.9
8/4/2018 0:01,162.1,200,163.3
8/4/2018 1:00,162.1,200,161.3
8/4/2018 2:01,166.8,200,163.6
8/4/2018 3:00,163.3,200,161.3
8/4/2018 4:01,164.8,200,161.7
8/4/2018 5:00,166,200,163.6
8/4/2018 6:01,165.2,200,162.5
8/4/2018 7:00,165.6,200,164.8
8/4/2018 8:01,166.4,200,165.2
8/4/2018 9:00,169.2,200,165.2
8/4/2018 10:01,167.6,200,162.5
8/4/2018 11:00,169.2,200,162.5
8/4/2018 12:01,171.2,200,164.8
8/4/2018 13:02,172.8,200,164.8
8/4/2018 14:01,173.2,200,163.3
8/4/2018 15:02,174.9,200,162.9
8/4/2018 16:01,175.7,200,165.2
8/4/2018 17:02,174.5,200,163.6
8/4/2018 18:01,176.6,200,166
8/4/2018 19:02,177,200,164
8/4/2018 20:01,179.9,200,164.4
8/4/2018 21:02,178.2,200,166
8/4/2018 22:01,181.7,200,166.4
8/4/2018 23:02,179.1,200,165.2
8/5/2018 0:01,179.5,200,165.2
8/5/2018 1:02,179.9,200,165.6
8/5/2018 2:01,183,200,168.8
8/5/2018 3:02,183,200,163.6
8/5/2018 4:00,180.8,200,167.2
8/5/2018 5:01,184.3,200,165.2
8/5/2018 6:00,181.7,200,166.4
8/5/2018 7:01,182.5,200,170.4
8/5/2018 8:00,182.5,200,166.8
8/5/2018 9:01,183.8,200,165.6
8/5/2018 10:00,185.2,200,166
8/5/2018 11:01,186,200,168
8/5/2018 12:02,186.9,200,167.2
8/5/2018 13:01,187.4,200,166.4
8/5/2018 14:00,189.2,200,168
8/5/2018 15:01,191,200,169.2
8/5/2018 16:00,191,200,166.4
8/5/2018 17:01,193.7,200,166.4
8/5/2018 18:00,192.3,200,166.4
8/5/2018 19:01,193.7,200,166.8
8/5/2018 20:00,196,200,166.8
8/5/2018 21:01,200,200,166.8
8/5/2018 22:00,197,200,167.2
8/5/2018 23:01,196,200,167.2
8/6/2018 0:00,199.4,200,167.2
8/6/2018 1:01,196.5,200,168
8/6/2018 2:00,194.2,200,167.6
8/6/2018 3:01,193.3,200,168
8/6/2018 4:00,193.7,200,170.8
8/6/2018 5:01,193.3,200,168
8/6/2018 6:00,193.3,200,168
8/6/2018 7:01,195.1,200,170
8/6/2018 8:00,193.7,200,172.4
8/6/2018 9:01,196,200,168
8/6/2018 10:00,197.9,200,167.6
8/6/2018 11:01,196,200,168
8/6/2018 12:00,197.9,200,167.2
8/6/2018 13:01,200,200,167.2
8/6/2018 14:00,200,200,169.2
8/6/2018 15:01,200,200,167.6
8/6/2018 16:02,200,200,167.6
8/6/2018 17:01,200,200,167.6
8/6/2018 18:02,200,200,167.6
8/6/2018 19:01,200,200,167.6
8/6/2018 20:02,200,200,168.4
8/6/2018 21:01,200,200,171.2
8/6/2018 22:02,200,200,172.8
8/6/2018 23:01,200,200,168.4
8/7/2018 0:02,200,200,168
8/7/2018 1:01,200,200,170
8/7/2018 2:02,200,200,169.6
8/7/2018 3:01,200,200,170
8/7/2018 4:02,200,200,170
8/7/2018 5:01,200,200,168.8
8/7/2018 6:02,200,200,167.6
8/7/2018 7:01,200,200,167.6
8/7/2018 8:02,200,200,170
8/7/2018 9:00,200,200,170
8/7/2018 10:01,200,200,167.2
8/7/2018 11:00,200,200,166.8
8/7/2018 12:01,200,200,170
8/7/2018 13:00,200,200,166.8
8/7/2018 14:01,30.2,200,167.6
8/7/2018 15:00,19.3,200,165.6
8/7/2018 16:01,21,200,165.2
8/7/2018 17:00,21.1,200,167.6
8/7/2018 18:01,20.6,200,166.8
8/7/2018 19:00,20.8,200,168.8
8/7/2018 20:01,22.5,200,170.8
8/7/2018 21:00,24.6,200,166.8
8/7/2018 22:01,26.3,200,166.8
8/7/2018 23:01,27.4,200,168.4
8/8/2018 0:02,28.5,200,168
8/8/2018 1:00,29.5,200,170.4
8/8/2018 2:01,30.3,200,168
8/8/2018 3:00,30.8,200,166.8
8/8/2018 4:01,31.7,200,165.6
8/8/2018 5:00,32.2,200,166.4
8/8/2018 6:01,32.9,200,165.6
8/8/2018 7:00,33.4,200,166.8
8/8/2018 8:01,34.1,200,167.2
8/8/2018 9:00,34.4,200,163.3
8/8/2018 10:01,34.6,200,164.4
8/8/2018 11:00,35.1,200,164.4
8/8/2018 12:01,35.2,200,163.3
8/8/2018 13:00,35.2,200,162.9
8/8/2018 15:01,35.9,200,162.5
8/8/2018 16:00,36.1,200,162.5
8/8/2018 17:01,36.3,200,164
8/8/2018 18:00,37,200,164.4
8/8/2018 19:01,37.4,200,164
8/8/2018 20:00,37.6,200,162.5
8/8/2018 21:01,38.3,200,161.7
8/8/2018 22:00,38.9,200,162.1
8/8/2018 23:01,39.4,200,161.7
8/9/2018 0:00,39.8,200,161.7
8/9/2018 1:01,40.2,200,161.7
8/9/2018 2:00,40.4,200,163.6
8/9/2018 3:01,40.8,200,163.3
8/9/2018 4:00,41.6,200,161.7
8/9/2018 5:01,41.7,200,160.9
8/9/2018 6:00,42.4,200,163.3
8/9/2018 7:01,42.9,200,161.3
8/9/2018 8:00,43,200,161.7
8/9/2018 9:01,42.9,200,162.5
8/9/2018 10:02,43.4,200,162.1
8/9/2018 11:01,43.6,200,159.4
8/9/2018 12:02,43.4,200,163.3
8/9/2018 13:01,44,200,162.5
8/9/2018 14:02,44,200,158.7
8/9/2018 15:01,44,200,159
8/9/2018 16:01,43.8,200,159
8/9/2018 17:00,44.4,200,158.7
8/9/2018 18:01,44.4,200,158.7
8/9/2018 19:00,44.9,200,157.9
8/9/2018 20:01,45.3,200,158.3
8/9/2018 21:00,45.9,200,159
8/9/2018 22:01,46.3,200,158.3
8/9/2018 23:00,47,200,160.2
8/10/2018 0:01,47,200,159.4
8/10/2018 1:00,49,200,157.9
8/10/2018 2:01,49.5,200,162.5
8/10/2018 3:00,49.6,200,157.2
8/10/2018 4:01,13.6,200,157.9
8/10/2018 5:00,4.1,200,160.2
8/10/2018 6:01,3.8,200,159.4
8/10/2018 7:00,3.5,200,158.3
8/10/2018 8:01,4.5,200,159.4
8/10/2018 9:00,5.4,200,160.6
8/10/2018 10:01,7.4,200,158.7
8/10/2018 11:00,12.2,200,156.8
8/10/2018 12:01,14.8,200,156.8
8/10/2018 13:00,16.8,200,156.4
8/10/2018 14:01,18.4,200,157.5
8/10/2018 15:00,19.4,200,155.7
8/10/2018 16:01,20.3,200,155.3
8/10/2018 17:00,21.3,200,156.8
8/10/2018 18:01,21.9,200,155.7
8/10/2018 19:00,22.5,200,156.8
8/10/2018 20:01,23,200,154.9
8/10/2018 21:00,23.6,200,155.3
8/10/2018 22:01,24,200,155.3
8/10/2018 23:00,24.4,200,156.8
8/11/2018 0:01,24.8,200,155.3
8/11/2018 1:00,25,200,155.3
8/11/2018 2:02,25.4,200,157.2
8/11/2018 4:01,25.9,200,156.8
8/11/2018 5:00,26.4,200,154.9
8/11/2018 6:01,26.7,200,155.3
8/11/2018 7:02,26.9,199.8,155.3
8/11/2018 8:01,27.1,198.9,155.3
8/11/2018 9:02,27.3,200,154.6
8/11/2018 10:01,27.4,198.9,156.4
8/11/2018 11:02,27.4,195.1,152.8
8/11/2018 12:01,27.4,195.6,153.8
8/11/2018 13:00,27.4,195.6,152
8/11/2018 14:01,27.4,192.3,152.4
8/11/2018 15:00,27.4,194.7,153.5
8/11/2018 16:01,27.5,194.2,152.8
8/11/2018 17:00,27.8,193.3,151.3
8/11/2018 18:01,28,191.9,151.3
8/11/2018 19:00,28.4,192.3,151.3
8/11/2018 20:01,28.7,192.3,151.3
8/11/2018 21:00,28.8,192.8,151.7
8/11/2018 22:01,29.1,191.9,150.9
8/11/2018 23:00,29.4,192.3,149.9
8/12/2018 0:01,29.9,195.6,149.9
8/12/2018 1:00,30,191,151.7
8/12/2018 2:01,30.5,191.9,151.7
8/12/2018 3:00,30.5,189.2,150.2
8/12/2018 4:01,31,191,149.9
8/12/2018 5:00,31,187.4,149.9
8/12/2018 6:01,31.2,186.5,149.9
8/12/2018 7:00,31.7,188.7,148.8
8/12/2018 8:01,31.8,192.3,151.3
8/12/2018 9:00,31.8,183.8,149.5
8/12/2018 10:01,31.9,183,150.9
8/12/2018 11:00,31.7,182.1,150.2
8/12/2018 12:01,31.7,182.5,149.9
8/12/2018 13:00,31.4,183.4,148.1
8/12/2018 14:02,31.3,182.5,148.5
8/12/2018 15:01,31.2,179.5,147.8
8/12/2018 16:02,31.3,179.1,149.2
8/12/2018 17:01,31.4,181.2,147.8
8/12/2018 18:02,31.8,179.9,147.8
8/12/2018 19:01,32,179.9,148.1
8/12/2018 20:02,32.2,182.5,147.1
8/12/2018 21:01,32.6,182.5,146.7
8/12/2018 22:00,32.9,181.7,147.8
8/12/2018 23:01,32.9,179.5,146.4
8/13/2018 0:00,33.4,179.5,146.7
8/13/2018 1:01,33.5,179.5,146.7
8/13/2018 2:00,34.1,181.2,149.5
8/13/2018 3:01,34.1,177.4,146.4
8/13/2018 4:00,34.3,177.8,145.7
8/13/2018 5:01,34.6,177,146.7
8/13/2018 6:00,35,174.1,147.1
8/13/2018 7:01,35.2,174.9,146
8/13/2018 8:00,35.2,173.2,145.7
8/13/2018 9:01,35.5,174.9,147.1
8/13/2018 10:00,35.4,171.6,147.1
8/13/2018 12:01,35.4,169.6,144.3
8/13/2018 13:00,35,168.8,144.3
8/13/2018 14:01,34.9,168.4,144.3
8/13/2018 15:00,34.8,167.6,143.9
8/13/2018 16:01,34.9,167.2,143.9
8/13/2018 17:00,34.9,167.6,143.6
8/13/2018 19:00,35.1,167.6,143.9
8/13/2018 20:01,35.5,168,143.6
8/13/2018 21:00,35.7,168.4,144.3
8/13/2018 22:01,36.1,168,142.6
8/13/2018 23:00,36.3,168.8,142.6
8/14/2018 0:01,36.6,167.2,142.9
8/14/2018 1:00,36.7,166.8,143.9
8/14/2018 2:01,37.2,168,142.2
8/14/2018 3:00,37.5,166,142.9
8/14/2018 4:02,37.6,165.2,142.6
8/14/2018 5:01,37.8,168,142.2
8/14/2018 6:02,38.3,166,141.9
8/14/2018 7:01,38.3,166,141.9
8/14/2018 8:02,38.8,163.3,141.9
8/14/2018 9:01,38.5,162.1,145.3
8/14/2018 10:00,38.8,163.3,142.9
8/14/2018 11:01,38.5,162.1,140.9
8/14/2018 12:00,38.1,160.9,140.9
8/14/2018 13:01,38.3,159,141.9
8/14/2018 14:00,37.9,160.6,141.9
8/14/2018 15:01,38,160.2,140.5
8/14/2018 16:02,37.9,157.9,140.5
8/14/2018 17:01,38,157.5,141.6
8/14/2018 18:01,37.9,157.9,139.9
8/14/2018 20:02,38.3,158.7,139.9
8/14/2018 21:01,38.3,162.1,139.5
8/14/2018 22:01,38.8,159,138.5
8/14/2018 23:02,39.3,159.8,139.9
8/15/2018 0:03,39.5,158.7,139.5
8/15/2018 1:02,39.8,158.7,138.5
8/15/2018 2:01,39.6,157.5,141.2
8/15/2018 3:01,39.9,159.4,138.2
8/15/2018 4:02,40,158.7,138.9
8/15/2018 5:01,40.3,156.8,139.5
8/15/2018 6:00,40.5,156.1,137.9
8/15/2018 7:01,40.8,156.1,138.2
8/15/2018 8:01,40.9,155.3,139.9
8/15/2018 9:02,40.9,156.8,138.2
8/15/2018 10:01,40.8,154.9,137.9
